base_coin,okx_symbol,bybit_symbol,okx_tick_size,okx_lot_size,okx_min_size,bybit_tick_size,bybit_qty_step,bybit_min_order_qty,bybit_min_notional_value
0G,0G-USDT-SWAP,0GUSDT,0.0001,1.0,1.0,0.0001,0.1,0.1,5
1INCH,1INCH-USDT-SWAP,1INCHUSDT,1e-05,1.0,1.0,1e-05,0.1,0.1,5
2Z,2Z-USDT-SWAP,2ZUSDT,1e-05,1.0,1.0,1e-05,1.0,1.0,5
A,A-USDT-SWAP,AUSDT,1e-05,1.0,1.0,1e-05,1.0,1.0,5
AAOI,AAOI-USDT-SWAP,AAOIUSDT,0.01,0.01,0.01,0.01,0.01,0.01,5
AAPL,AAPL-USDT-SWAP,AAPLUSDT,0.01,0.01,0.01,0.01,0.01,0.01,5
AAVE,AAVE-USDT-SWAP,AAVEUSDT,0.01,0.1,0.1,0.01,0.01,0.01,5
ACH,ACH-USDT-SWAP,ACHUSDT,1e-06,1.0,1.0,1e-06,10.0,10.0,5
ACT,ACT-USDT-SWAP,ACTUSDT,1e-06,1.0,1.0,1e-06,1.0,1.0,5
ACU,ACU-USDT-SWAP,ACUUSDT,1e-05,1.0,1.0,1e-05,1.0,1.0,5
ADA,ADA-USDT-SWAP,ADAUSDT,0.0001,0.1,0.1,0.0001,1.0,1.0,5
ADBE,ADBE-USDT-SWAP,ADBEUSDT,0.01,0.01,0.01,0.01,0.01,0.01,5
AERO,AERO-USDT-SWAP,AEROUSDT,0.0001,1.0,1.0,0.0001,1.0,1.0,5
AEVO,AEVO-USDT-SWAP,AEVOUSDT,1e-05,1.0,1.0,1e-05,0.1,0.1,5
AGLD,AGLD-USDT-SWAP,AGLDUSDT,0.0001,1.0,1.0,1e-05,0.1,0.1,5
AIXBT,AIXBT-USDT-SWAP,AIXBTUSDT,1e-05,1.0,1.0,1e-06,10.0,10.0,5
ALAB,ALAB-USDT-SWAP,ALABUSDT,0.01,0.01,0.01,0.01,0.01,0.01,5
ALGO,ALGO-USDT-SWAP,ALGOUSDT,1e-05,1.0,1.0,1e-05,0.1,0.1,5
ALLO,ALLO-USDT-SWAP,ALLOUSDT,1e-05,1.0,1.0,1e-05,1.0,1.0,5
AMAT,AMAT-USDT-SWAP,AMATUSDT,0.01,0.01,0.01,0.01,0.01,0.01,5
AMZN,AMZN-USDT-SWAP,AMZNUSDT,0.01,0.01,0.01,0.01,0.01,0.01,5
ANIME,ANIME-USDT-SWAP,ANIMEUSDT,1e-06,1.0,1.0,1e-06,1.0,1.0,5
APE,APE-USDT-SWAP,APEUSDT,1e-05,1.0,1.0,1e-05,0.1,0.1,5
API3,API3-USDT-SWAP,API3USDT,0.0001,1.0,1.0,0.0001,0.1,0.1,5
APR,APR-USDT-SWAP,APRUSDT,0.0001,1.0,1.0,1e-05,1.0,1.0,5
APT,APT-USDT-SWAP,APTUSDT,0.0001,1.0,1.0,0.0001,0.01,0.01,5
AR,AR-USDT-SWAP,ARUSDT,0.001,1.0,1.0,0.0001,0.1,0.1,5
ARB,ARB-USDT-SWAP,ARBUSDT,1e-05,0.1,0.1,1e-05,0.1,0.1,5
ARKM,ARKM-USDT-SWAP,ARKMUSDT,1e-05,1.0,1.0,1e-05,1.0,1.0,5
ARM,ARM-USDT-SWAP,ARMUSDT,0.01,0.01,0.01,0.01,0.01,0.01,5
ARX,ARX-USDT-SWAP,ARXUSDT,0.0001,1.0,1.0,0.0001,1.0,1.0,5
ASML,ASML-USDT-SWAP,ASMLUSDT,0.01,0.001,0.001,0.01,0.001,0.001,5
ASTER,ASTER-USDT-SWAP,ASTERUSDT,0.0001,1.0,1.0,0.0001,1.0,1.0,5
ASTS,ASTS-USDT-SWAP,ASTSUSDT,0.01,0.01,0.01,0.01,0.01,0.01,5
AT,AT-USDT-SWAP,ATUSDT,0.0001,1.0,1.0,1e-05,1.0,1.0,5
ATH,ATH-USDT-SWAP,ATHUSDT,1e-06,1.0,1.0,1e-06,10.0,10.0,5
ATOM,ATOM-USDT-SWAP,ATOMUSDT,0.001,1.0,1.0,0.0001,0.1,0.1,5
AUCTION,AUCTION-USDT-SWAP,AUCTIONUSDT,0.001,1.0,1.0,0.001,0.1,0.1,5
AVAX,AVAX-USDT-SWAP,AVAXUSDT,0.001,0.1,0.1,0.001,0.1,0.1,5
AVGO,AVGO-USDT-SWAP,AVGOUSDT,0.01,0.01,0.01,0.01,0.01,0.01,5
AVNT,AVNT-USDT-SWAP,AVNTUSDT,1e-05,1.0,1.0,1e-05,1.0,1.0,5
AXS,AXS-USDT-SWAP,AXSUSDT,0.0001,1.0,1.0,0.0001,0.1,0.1,5
AXTI,AXTI-USDT-SWAP,AXTIUSDT,0.01,0.01,0.01,0.01,0.01,0.01,5
AZTEC,AZTEC-USDT-SWAP,AZTECUSDT,1e-05,1.0,1.0,1e-06,10.0,10.0,5
BABY,BABY-USDT-SWAP,BABYUSDT,1e-05,1.0,1.0,1e-06,10.0,10.0,5
BAND,BAND-USDT-SWAP,BANDUSDT,0.0001,1.0,1.0,0.0001,0.1,0.1,5
BARD,BARD-USDT-SWAP,BARDUSDT,0.0001,1.0,1.0,0.0001,0.1,0.1,5
BASED,BASED-USDT-SWAP,BASEDUSDT,1e-05,1.0,1.0,1e-05,1.0,1.0,5
BAT,BAT-USDT-SWAP,BATUSDT,1e-05,1.0,1.0,1e-05,0.1,0.1,5
BCH,BCH-USDT-SWAP,BCHUSDT,0.1,0.1,0.1,0.1,0.01,0.01,5
BE,BE-USDT-SWAP,BEUSDT,0.01,0.01,0.01,0.01,0.01,0.01,5
BEAT,BEAT-USDT-SWAP,BEATUSDT,0.0001,0.1,0.1,0.0001,1.0,1.0,5
BERA,BERA-USDT-SWAP,BERAUSDT,0.0001,1.0,1.0,0.0001,1.0,1.0,5
BICO,BICO-USDT-SWAP,BICOUSDT,1e-05,1.0,1.0,1e-05,0.1,0.1,5
BIGTIME,BIGTIME-USDT-SWAP,BIGTIMEUSDT,1e-06,1.0,1.0,1e-06,1.0,1.0,5
BILL,BILL-USDT-SWAP,BILLUSDT,1e-05,1.0,1.0,1e-05,10.0,10.0,5
BIO,BIO-USDT-SWAP,BIOUSDT,1e-05,1.0,1.0,1e-05,1.0,1.0,5
BLEND,BLEND-USDT-SWAP,BLENDUSDT,1e-05,1.0,1.0,1e-05,1.0,1.0,5
BLUR,BLUR-USDT-SWAP,BLURUSDT,1e-05,1.0,1.0,1e-06,1.0,1.0,5
BMNR,BMNR-USDT-SWAP,BMNRUSDT,0.01,0.1,0.1,0.001,0.1,0.1,5
BNB,BNB-USDT-SWAP,BNBUSDT,0.1,1.0,1.0,0.1,0.01,0.01,5
BOME,BOME-USDT-SWAP,BOMEUSDT,1e-07,1.0,1.0,1e-07,100.0,100.0,5
BOT,BOT-USDT-SWAP,BOTUSDT,0.01,0.1,0.1,0.01,0.01,0.01,5
BRETT,BRETT-USDT-SWAP,BRETTUSDT,1e-06,1.0,1.0,1e-06,10.0,10.0,5
BREV,BREV-USDT-SWAP,BREVUSDT,1e-05,1.0,1.0,1e-05,1.0,1.0,5
BSB,BSB-USDT-SWAP,BSBUSDT,0.0001,1.0,1.0,0.0001,1.0,1.0,5
BSP,BSP-USDT-SWAP,BSPUSDT,0.01,0.1,0.1,0.01,0.01,0.01,5
BTC,BTC-USDT-SWAP,BTCUSDT,0.1,0.01,0.01,0.1,0.001,0.001,5
BZ,BZ-USDT-SWAP,BZUSDT,0.01,1.0,1.0,0.01,0.01,0.01,5
CAP,CAP-USDT-SWAP,CAPUSDT,1e-05,1.0,1.0,1e-05,10.0,10.0,5
CBRS,CBRS-USDT-SWAP,CBRSUSDT,0.01,0.01,0.01,0.01,0.01,0.01,5
CC,CC-USDT-SWAP,CCUSDT,1e-05,1.0,1.0,1e-05,1.0,1.0,5
CELO,CELO-USDT-SWAP,CELOUSDT,1e-05,1.0,1.0,1e-05,0.1,0.1,5
CFX,CFX-USDT-SWAP,CFXUSDT,1e-05,1.0,1.0,1e-05,1.0,1.0,5
CHIP,CHIP-USDT-SWAP,CHIPUSDT,1e-05,1.0,1.0,1e-05,10.0,10.0,5
CHZ,CHZ-USDT-SWAP,CHZUSDT,1e-05,1.0,1.0,1e-05,1.0,1.0,5
CIEN,CIEN-USDT-SWAP,CIENUSDT,0.01,0.01,0.01,0.01,0.01,0.01,5
CL,CL-USDT-SWAP,CLUSDT,0.01,1.0,1.0,0.01,0.01,0.01,5
COAI,COAI-USDT-SWAP,COAIUSDT,0.0001,1.0,1.0,0.0001,1.0,1.0,5
COHR,COHR-USDT-SWAP,COHRUSDT,0.01,0.01,0.01,0.01,0.01,0.01,5
COIN,COIN-USDT-SWAP,COINUSDT,0.01,0.01,0.01,0.01,0.01,0.01,5
COMP,COMP-USDT-SWAP,COMPUSDT,0.01,1.0,1.0,0.001,0.01,0.01,5
CORE,CORE-USDT-SWAP,COREUSDT,1e-05,1.0,1.0,1e-05,0.1,0.1,5
COST,COST-USDT-SWAP,COSTUSDT,0.01,0.001,0.001,0.01,0.01,0.01,5
CRCL,CRCL-USDT-SWAP,CRCLUSDT,0.01,0.1,0.1,0.01,0.01,0.01,5
CRDO,CRDO-USDT-SWAP,CRDOUSDT,0.01,0.01,0.01,0.01,0.01,0.01,5
CRO,CRO-USDT-SWAP,CROUSDT,1e-05,1.0,1.0,1e-05,1.0,1.0,5
CRV,CRV-USDT-SWAP,CRVUSDT,0.0001,1.0,1.0,0.0001,0.1,0.1,5
CRWD,CRWD-USDT-SWAP,CRWDUSDT,0.01,0.01,0.01,0.01,0.01,0.01,5
CRWV,CRWV-USDT-SWAP,CRWVUSDT,0.01,0.01,0.01,0.01,0.01,0.01,5
CSCO,CSCO-USDT-SWAP,CSCOUSDT,0.01,0.01,0.01,0.01,0.01,0.01,5
CVX,CVX-USDT-SWAP,CVXUSDT,0.001,1.0,1.0,0.0001,0.01,0.01,5
DASH,DASH-USDT-SWAP,DASHUSDT,0.01,1.0,1.0,0.01,0.01,0.01,5
DATA,DATA-USDT-SWAP,DATAUSDT,0.0001,1.0,1.0,0.0001,1.0,1.0,5
DELL,DELL-USDT-SWAP,DELLUSDT,0.01,0.01,0.01,0.01,0.01,0.01,5
DOGE,DOGE-USDT-SWAP,DOGEUSDT,1e-05,0.01,0.01,1e-05,1.0,1.0,5
DOOD,DOOD-USDT-SWAP,DOODUSDT,1e-06,1.0,1.0,1e-06,10.0,10.0,5
DOT,DOT-USDT-SWAP,DOTUSDT,0.0001,1.0,1.0,0.0001,0.1,0.1,5
DRAM,DRAM-USDT-SWAP,DRAMUSDT,0.01,0.1,0.1,0.01,0.1,0.1,5
DYDX,DYDX-USDT-SWAP,DYDXUSDT,1e-05,1.0,1.0,1e-05,0.1,0.1,5
EDEN,EDEN-USDT-SWAP,EDENUSDT,1e-05,1.0,1.0,1e-05,1.0,1.0,5
EDGE,EDGE-USDT-SWAP,EDGEUSDT,0.0001,1.0,1.0,0.0001,1.0,1.0,5
EGLD,EGLD-USDT-SWAP,EGLDUSDT,0.001,1.0,1.0,0.001,0.01,0.01,5
EIGEN,EIGEN-USDT-SWAP,EIGENUSDT,0.0001,1.0,1.0,1e-05,1.0,1.0,5
ENA,ENA-USDT-SWAP,ENAUSDT,1e-05,1.0,1.0,1e-05,1.0,1.0,5
ENJ,ENJ-USDT-SWAP,ENJUSDT,1e-05,1.0,1.0,1e-06,0.1,0.1,5
ENS,ENS-USDT-SWAP,ENSUSDT,0.001,1.0,1.0,0.001,0.1,0.1,5
ENSO,ENSO-USDT-SWAP,ENSOUSDT,0.0001,1.0,1.0,0.0001,0.1,0.1,5
ESP,ESP-USDT-SWAP,ESPUSDT,1e-05,1.0,1.0,1e-05,10.0,10.0,5
ETC,ETC-USDT-SWAP,ETCUSDT,0.001,0.01,0.01,0.001,0.1,0.1,5
ETH,ETH-USDT-SWAP,ETHUSDT,0.01,0.01,0.01,0.01,0.01,0.01,5
ETHFI,ETHFI-USDT-SWAP,ETHFIUSDT,0.0001,1.0,1.0,0.0001,0.1,0.1,5
EWJ,EWJ-USDT-SWAP,EWJUSDT,0.01,0.01,0.01,0.01,0.01,0.01,5
EWT,EWT-USDT-SWAP,EWTUSDT,0.01,0.01,0.01,0.01,0.01,0.01,5
EWY,EWY-USDT-SWAP,EWYUSDT,0.01,0.01,0.01,0.01,0.01,0.01,5
F,F-USDT-SWAP,FUSDT,1e-06,1.0,1.0,1e-06,1.0,1.0,5
FARTCOIN,FARTCOIN-USDT-SWAP,FARTCOINUSDT,0.0001,1.0,1.0,1e-05,1.0,1.0,5
FIL,FIL-USDT-SWAP,FILUSDT,0.0001,1.0,1.0,0.0001,0.1,0.1,5
FLNC,FLNC-USDT-SWAP,FLNCUSDT,0.01,0.1,0.1,0.01,0.1,0.1,5
FLOW,FLOW-USDT-SWAP,FLOWUSDT,1e-05,1.0,1.0,1e-05,0.1,0.1,5
FOGO,FOGO-USDT-SWAP,FOGOUSDT,1e-06,1.0,1.0,1e-05,10.0,10.0,5
GALA,GALA-USDT-SWAP,GALAUSDT,1e-06,1.0,1.0,1e-06,1.0,1.0,5
GAS,GAS-USDT-SWAP,GASUSDT,0.0001,1.0,1.0,0.0001,0.1,0.1,5
GEV,GEV-USDT-SWAP,GEVUSDT,0.01,0.001,0.001,0.01,0.001,0.001,5
GIGGLE,GIGGLE-USDT-SWAP,GIGGLEUSDT,0.01,1.0,1.0,0.01,0.001,0.001,5
GLM,GLM-USDT-SWAP,GLMUSDT,1e-05,1.0,1.0,1e-05,1.0,1.0,5
GLW,GLW-USDT-SWAP,GLWUSDT,0.01,0.01,0.01,0.01,0.01,0.01,5
GMT,GMT-USDT-SWAP,GMTUSDT,1e-06,1.0,1.0,1e-06,1.0,1.0,5
GMX,GMX-USDT-SWAP,GMXUSDT,0.001,1.0,1.0,0.001,0.01,0.01,5
GOOGL,GOOGL-USDT-SWAP,GOOGLUSDT,0.01,0.01,0.01,0.01,0.01,0.01,5
GPS,GPS-USDT-SWAP,GPSUSDT,1e-06,1.0,1.0,1e-06,1.0,1.0,5
GRAM,GRAM-USDT-SWAP,GRAMUSDT,0.001,1.0,1.0,0.0001,0.1,0.1,5
GRASS,GRASS-USDT-SWAP,GRASSUSDT,0.0001,1.0,1.0,1e-05,1.0,1.0,5
GRT,GRT-USDT-SWAP,GRTUSDT,1e-05,1.0,1.0,1e-05,0.1,0.1,5
H,H-USDT-SWAP,HUSDT,1e-05,0.1,0.1,1e-05,10.0,10.0,5
HBAR,HBAR-USDT-SWAP,HBARUSDT,1e-05,0.1,0.1,1e-05,1.0,1.0,5
HIMS,HIMS-USDT-SWAP,HIMSUSDT,0.01,0.1,0.1,0.01,0.01,0.01,5
HMSTR,HMSTR-USDT-SWAP,HMSTRUSDT,1e-07,1.0,1.0,1e-07,10.0,10.0,5
HOME,HOME-USDT-SWAP,HOMEUSDT,1e-05,1.0,1.0,1e-06,10.0,10.0,5
HOOD,HOOD-USDT-SWAP,HOODUSDT,0.01,0.1,0.1,0.01,0.01,0.01,5
HPE,HPE-USDT-SWAP,HPEUSDT,0.01,0.1,0.1,0.01,0.01,0.01,5
HUMA,HUMA-USDT-SWAP,HUMAUSDT,1e-05,1.0,1.0,1e-06,1.0,1.0,5
HYPE,HYPE-USDT-SWAP,HYPEUSDT,0.001,1.0,1.0,0.001,0.01,0.01,5
HYUNDAI,HYUNDAI-USDT-SWAP,HYUNDAIUSDT,0.01,0.01,0.01,0.01,0.01,0.01,5
IBM,IBM-USDT-SWAP,IBMUSDT,0.01,0.01,0.01,0.01,0.01,0.01,5
ICP,ICP-USDT-SWAP,ICPUSDT,0.001,1.0,1.0,0.001,0.1,0.1,5
ICX,ICX-USDT-SWAP,ICXUSDT,1e-05,1.0,1.0,1e-05,1.0,1.0,5
IMX,IMX-USDT-SWAP,IMXUSDT,0.0001,1.0,1.0,1e-05,0.1,0.1,5
INIT,INIT-USDT-SWAP,INITUSDT,1e-05,1.0,1.0,1e-05,1.0,1.0,5
INJ,INJ-USDT-SWAP,INJUSDT,0.001,1.0,1.0,0.001,0.1,0.1,5
INTC,INTC-USDT-SWAP,INTCUSDT,0.01,0.1,0.1,0.01,0.01,0.01,5
IOST,IOST-USDT-SWAP,IOSTUSDT,1e-07,1.0,1.0,1e-07,1.0,1.0,5
IOTA,IOTA-USDT-SWAP,IOTAUSDT,1e-05,1.0,1.0,1e-05,0.1,0.1,5
IREN,IREN-USDT-SWAP,IRENUSDT,0.01,0.1,0.1,0.01,0.1,0.1,5
IRYS,IRYS-USDT-SWAP,IRYSUSDT,1e-05,1.0,1.0,1e-06,10.0,10.0,5
IWM,IWM-USDT-SWAP,IWMUSDT,0.01,0.01,0.01,0.01,0.01,0.01,5
JELLYJELLY,JELLYJELLY-USDT-SWAP,JELLYJELLYUSDT,1e-05,1.0,1.0,1e-05,1.0,1.0,5
JTO,JTO-USDT-SWAP,JTOUSDT,0.0001,1.0,1.0,0.0001,0.1,0.1,5
JUP,JUP-USDT-SWAP,JUPUSDT,0.0001,1.0,1.0,1e-05,1.0,1.0,5
KAITO,KAITO-USDT-SWAP,KAITOUSDT,0.0001,1.0,1.0,0.0001,1.0,1.0,5
KAT,KAT-USDT-SWAP,KATUSDT,1e-06,1.0,1.0,1e-06,10.0,10.0,5
KGEN,KGEN-USDT-SWAP,KGENUSDT,0.0001,1.0,1.0,1e-05,1.0,1.0,5
KITE,KITE-USDT-SWAP,KITEUSDT,1e-05,1.0,1.0,1e-05,1.0,1.0,5
KLAC,KLAC-USDT-SWAP,KLACUSDT,0.01,0.01,0.01,0.01,0.01,0.01,5
KMNO,KMNO-USDT-SWAP,KMNOUSDT,1e-05,1.0,1.0,1e-05,10.0,10.0,5
KORU,KORU-USDT-SWAP,KORUUSDT,0.01,0.01,0.01,0.01,0.01,0.01,5
KSM,KSM-USDT-SWAP,KSMUSDT,0.001,1.0,1.0,0.001,0.01,0.01,5
LA,LA-USDT-SWAP,LAUSDT,1e-05,1.0,1.0,1e-05,0.1,0.1,5
LAB,LAB-USDT-SWAP,LABUSDT,0.0001,0.1,0.1,0.001,1.0,1.0,5
LDO,LDO-USDT-SWAP,LDOUSDT,0.0001,1.0,1.0,0.0001,0.1,0.1,5
LIGHT,LIGHT-USDT-SWAP,LIGHTUSDT,0.0001,1.0,1.0,0.0001,1.0,1.0,5
LINEA,LINEA-USDT-SWAP,LINEAUSDT,1e-06,1.0,1.0,1e-06,10.0,10.0,5
LINK,LINK-USDT-SWAP,LINKUSDT,0.001,0.1,0.1,0.001,0.1,0.1,5
LIT,LIT-USDT-SWAP,LITUSDT,0.0001,1.0,1.0,0.0001,0.1,0.1,5
LITE,LITE-USDT-SWAP,LITEUSDT,0.01,0.01,0.01,0.01,0.01,0.01,5
LLY,LLY-USDT-SWAP,LLYUSDT,0.01,0.01,0.01,0.01,0.01,0.01,5
LPT,LPT-USDT-SWAP,LPTUSDT,0.001,1.0,1.0,0.001,0.1,0.1,5
LQTY,LQTY-USDT-SWAP,LQTYUSDT,0.0001,1.0,1.0,0.0001,0.1,0.1,5
LRC,LRC-USDT-SWAP,LRCUSDT,1e-05,1.0,1.0,1e-05,0.1,0.1,5
LRCX,LRCX-USDT-SWAP,LRCXUSDT,0.01,0.01,0.01,0.01,0.01,0.01,5
LTC,LTC-USDT-SWAP,LTCUSDT,0.01,0.1,0.1,0.01,0.1,0.1,5
MAGIC,MAGIC-USDT-SWAP,MAGICUSDT,1e-05,1.0,1.0,1e-05,1.0,1.0,5
MANA,MANA-USDT-SWAP,MANAUSDT,1e-05,1.0,1.0,1e-05,0.1,0.1,5
MASK,MASK-USDT-SWAP,MASKUSDT,0.0001,1.0,1.0,0.0001,0.1,0.1,5
ME,ME-USDT-SWAP,MEUSDT,1e-05,1.0,1.0,1e-05,1.0,1.0,5
MEGA,MEGA-USDT-SWAP,MEGAUSDT,1e-05,1.0,1.0,1e-05,1.0,1.0,5
MEME,MEME-USDT-SWAP,MEMEUSDT,1e-07,1.0,1.0,1e-07,10.0,10.0,5
MERL,MERL-USDT-SWAP,MERLUSDT,1e-05,1.0,1.0,1e-05,0.1,0.1,5
MET,MET-USDT-SWAP,METUSDT,0.0001,1.0,1.0,1e-05,0.1,0.1,5
META,META-USDT-SWAP,METAUSDT,0.01,0.01,0.01,0.01,0.01,0.01,5
METIS,METIS-USDT-SWAP,METISUSDT,0.001,1.0,1.0,0.001,0.01,0.01,5
MEW,MEW-USDT-SWAP,MEWUSDT,1e-07,1.0,1.0,1e-07,100.0,100.0,5
MINA,MINA-USDT-SWAP,MINAUSDT,1e-05,1.0,1.0,1e-05,0.1,0.1,5
MMT,MMT-USDT-SWAP,MMTUSDT,0.0001,1.0,1.0,1e-05,1.0,1.0,5
MON,MON-USDT-SWAP,MONUSDT,1e-05,1.0,1.0,1e-06,1.0,1.0,5
MOODENG,MOODENG-USDT-SWAP,MOODENGUSDT,1e-05,1.0,1.0,1e-05,1.0,1.0,5
MORPHO,MORPHO-USDT-SWAP,MORPHOUSDT,0.0001,1.0,1.0,0.0001,1.0,1.0,5
MOVE,MOVE-USDT-SWAP,MOVEUSDT,1e-05,1.0,1.0,1e-05,1.0,1.0,5
MRVL,MRVL-USDT-SWAP,MRVLUSDT,0.01,0.01,0.01,0.01,0.01,0.01,5
MSFT,MSFT-USDT-SWAP,MSFTUSDT,0.01,0.01,0.01,0.01,0.01,0.01,5
MSTR,MSTR-USDT-SWAP,MSTRUSDT,0.01,0.01,0.01,0.01,0.01,0.01,5
MU,MU-USDT-SWAP,MUUSDT,0.01,0.01,0.01,0.01,0.01,0.01,5
MUBARAK,MUBARAK-USDT-SWAP,MUBARAKUSDT,1e-06,1.0,1.0,1e-06,1.0,1.0,5
MUU,MUU-USDT-SWAP,MUUUSDT,0.01,0.01,0.01,0.01,0.01,0.01,5
MVLL,MVLL-USDT-SWAP,MVLLUSDT,0.01,0.1,0.1,0.01,0.01,0.01,5
NBIS,NBIS-USDT-SWAP,NBISUSDT,0.01,0.01,0.01,0.01,0.01,0.01,5
NEAR,NEAR-USDT-SWAP,NEARUSDT,0.001,0.1,0.1,0.0001,0.1,0.1,5
NEO,NEO-USDT-SWAP,NEOUSDT,0.001,1.0,1.0,0.001,0.01,0.01,5
NFLX,NFLX-USDT-SWAP,NFLXUSDT,0.01,0.01,0.01,0.01,0.01,0.01,5
NIGHT,NIGHT-USDT-SWAP,NIGHTUSDT,1e-06,1.0,1.0,1e-05,10.0,10.0,5
NMR,NMR-USDT-SWAP,NMRUSDT,0.001,1.0,1.0,0.001,0.1,0.1,5
NOT,NOT-USDT-SWAP,NOTUSDT,1e-07,1.0,1.0,1e-07,10.0,10.0,5
NOW,NOW-USDT-SWAP,NOWUSDT,0.01,0.01,0.01,0.01,0.01,0.01,5
NVDA,NVDA-USDT-SWAP,NVDAUSDT,0.01,0.01,0.01,0.01,0.01,0.01,5
O,O-USDT-SWAP,OUSDT,0.0001,1.0,1.0,0.0001,1.0,1.0,5
OKB,OKB-USDT-SWAP,OKBUSDT,0.01,1.0,1.0,0.01,0.01,0.01,5
ONDO,ONDO-USDT-SWAP,ONDOUSDT,0.0001,1.0,1.0,0.0001,1.0,1.0,5
ONDS,ONDS-USDT-SWAP,ONDSUSDT,0.001,1.0,1.0,0.001,0.1,0.1,5
ONT,ONT-USDT-SWAP,ONTUSDT,1e-05,1.0,1.0,1e-05,1.0,1.0,5
OP,OP-USDT-SWAP,OPUSDT,1e-05,1.0,1.0,1e-05,0.1,0.1,5
OPG,OPG-USDT-SWAP,OPGUSDT,0.0001,1.0,1.0,0.0001,1.0,1.0,5
OPN,OPN-USDT-SWAP,OPNUSDT,1e-05,1.0,1.0,1e-05,1.0,1.0,5
ORCL,ORCL-USDT-SWAP,ORCLUSDT,0.01,0.01,0.01,0.01,0.01,0.01,5
ORDER,ORDER-USDT-SWAP,ORDERUSDT,1e-05,1.0,1.0,1e-05,1.0,1.0,5
ORDI,ORDI-USDT-SWAP,ORDIUSDT,0.001,1.0,1.0,0.001,0.01,0.01,5
PARTI,PARTI-USDT-SWAP,PARTIUSDT,1e-05,1.0,1.0,1e-05,1.0,1.0,5
PENDLE,PENDLE-USDT-SWAP,PENDLEUSDT,0.001,1.0,1.0,0.0001,1.0,1.0,5
PENGU,PENGU-USDT-SWAP,PENGUUSDT,1e-06,1.0,1.0,1e-06,10.0,10.0,5
PEOPLE,PEOPLE-USDT-SWAP,PEOPLEUSDT,1e-06,1.0,1.0,1e-06,1.0,1.0,5
PIEVERSE,PIEVERSE-USDT-SWAP,PIEVERSEUSDT,0.0001,1.0,1.0,0.0001,1.0,1.0,5
PIPPIN,PIPPIN-USDT-SWAP,PIPPINUSDT,1e-05,1.0,1.0,1e-05,1.0,1.0,5
PLTR,PLTR-USDT-SWAP,PLTRUSDT,0.01,0.01,0.01,0.01,0.01,0.01,5
PLUME,PLUME-USDT-SWAP,PLUMEUSDT,1e-06,1.0,1.0,1e-06,1.0,1.0,5
PNUT,PNUT-USDT-SWAP,PNUTUSDT,1e-05,1.0,1.0,1e-05,1.0,1.0,5
POET,POET-USDT-SWAP,POETUSDT,0.001,0.1,0.1,0.001,0.1,0.1,5
POL,POL-USDT-SWAP,POLUSDT,1e-05,1.0,1.0,1e-05,1.0,1.0,5
POPCAT,POPCAT-USDT-SWAP,POPCATUSDT,1e-05,1.0,1.0,1e-05,1.0,1.0,5
PROVE,PROVE-USDT-SWAP,PROVEUSDT,0.0001,1.0,1.0,0.0001,1.0,1.0,5
PYTH,PYTH-USDT-SWAP,PYTHUSDT,1e-05,1.0,1.0,1e-05,1.0,1.0,5
QCOM,QCOM-USDT-SWAP,QCOMUSDT,0.01,0.01,0.01,0.01,0.01,0.01,5
QQQ,QQQ-USDT-SWAP,QQQUSDT,0.01,0.01,0.01,0.01,0.01,0.01,5
QTUM,QTUM-USDT-SWAP,QTUMUSDT,0.0001,1.0,1.0,0.0001,0.1,0.1,5
RAVE,RAVE-USDT-SWAP,RAVEUSDT,0.0001,0.01,0.01,1e-05,1.0,1.0,5
RDW,RDW-USDT-SWAP,RDWUSDT,0.01,0.1,0.1,0.001,0.1,0.1,5
RE,RE-USDT-SWAP,REUSDT,1e-05,1.0,1.0,0.0001,1.0,1.0,5
RECALL,RECALL-USDT-SWAP,RECALLUSDT,1e-05,1.0,1.0,1e-05,1.0,1.0,5
RENDER,RENDER-USDT-SWAP,RENDERUSDT,0.001,1.0,1.0,0.0001,0.1,0.1,5
RESOLV,RESOLV-USDT-SWAP,RESOLVUSDT,1e-05,1.0,1.0,1e-05,1.0,1.0,5
RIVER,RIVER-USDT-SWAP,RIVERUSDT,0.001,1.0,1.0,0.001,0.1,0.1,5
RKLB,RKLB-USDT-SWAP,RKLBUSDT,0.01,0.01,0.01,0.01,0.01,0.01,5
ROBO,ROBO-USDT-SWAP,ROBOUSDT,1e-05,1.0,1.0,1e-05,10.0,10.0,5
RSR,RSR-USDT-SWAP,RSRUSDT,1e-06,1.0,1.0,1e-07,10.0,10.0,5
RVN,RVN-USDT-SWAP,RVNUSDT,1e-06,1.0,1.0,1e-06,1.0,1.0,5
S,S-USDT-SWAP,SUSDT,1e-05,1.0,1.0,1e-05,1.0,1.0,5
SAHARA,SAHARA-USDT-SWAP,SAHARAUSDT,1e-06,1.0,1.0,1e-06,1.0,1.0,5
SAMSUNG,SAMSUNG-USDT-SWAP,SAMSUNGUSDT,0.01,0.01,0.01,0.01,0.01,0.01,5
SAND,SAND-USDT-SWAP,SANDUSDT,1e-05,1.0,1.0,1e-05,1.0,1.0,5
SAPIEN,SAPIEN-USDT-SWAP,SAPIENUSDT,1e-05,1.0,1.0,1e-05,1.0,1.0,5
SEI,SEI-USDT-SWAP,SEIUSDT,1e-05,1.0,1.0,1e-05,1.0,1.0,5
SENT,SENT-USDT-SWAP,SENTUSDT,1e-05,1.0,1.0,1e-06,10.0,10.0,5
SHAZ,SHAZ-USDT-SWAP,SHAZUSDT,0.01,0.1,0.1,0.01,0.01,0.01,5
SHELL,SHELL-USDT-SWAP,SHELLUSDT,1e-05,1.0,1.0,1e-05,1.0,1.0,5
SIGN,SIGN-USDT-SWAP,SIGNUSDT,1e-06,1.0,1.0,1e-06,10.0,10.0,5
SKHY,SKHY-USDT-SWAP,SKHYUSDT,0.01,0.01,0.01,0.01,0.01,0.01,5
SKHYNIX,SKHYNIX-USDT-SWAP,SKHYNIXUSDT,0.01,0.001,0.001,0.01,0.001,0.001,5
SKY,SKY-USDT-SWAP,SKYUSDT,1e-05,1.0,1.0,1e-05,10.0,10.0,5
SLX,SLX-USDT-SWAP,SLXUSDT,0.0001,1.0,1.0,0.0001,1.0,1.0,5
SMCI,SMCI-USDT-SWAP,SMCIUSDT,0.01,0.1,0.1,0.01,0.01,0.01,5
SMH,SMH-USDT-SWAP,SMHUSDT,0.01,0.01,0.01,0.01,0.01,0.01,5
SNDK,SNDK-USDT-SWAP,SNDKUSDT,0.01,0.001,0.001,0.01,0.01,0.01,5
SNX,SNX-USDT-SWAP,SNXUSDT,0.0001,1.0,1.0,0.0001,0.1,0.1,5
SNXX,SNXX-USDT-SWAP,SNXXUSDT,0.01,0.1,0.1,0.01,0.01,0.01,5
SOL,SOL-USDT-SWAP,SOLUSDT,0.01,0.01,0.01,0.01,0.1,0.1,5
SONY,SONY-USDT-SWAP,SONYUSDT,0.01,0.1,0.1,0.01,0.01,0.01,5
SOON,SOON-USDT-SWAP,SOONUSDT,0.0001,0.1,0.1,1e-05,1.0,1.0,5
SOPH,SOPH-USDT-SWAP,SOPHUSDT,1e-06,1.0,1.0,1e-06,10.0,10.0,5
SOXL,SOXL-USDT-SWAP,SOXLUSDT,0.01,0.01,0.01,0.01,0.01,0.01,5
SPACE,SPACE-USDT-SWAP,SPACEUSDT,1e-06,1.0,1.0,1e-06,10.0,10.0,5
SPCX,SPCX-USDT-SWAP,SPCXUSDT,0.01,0.01,0.01,0.01,0.01,0.01,5
SPK,SPK-USDT-SWAP,SPKUSDT,1e-05,1.0,1.0,1e-06,10.0,10.0,5
SPX,SPX-USDT-SWAP,SPXUSDT,0.0001,1.0,1.0,0.0001,1.0,1.0,5
SPY,SPY-USDT-SWAP,SPYUSDT,0.01,0.01,0.01,0.01,0.01,0.01,5
SQQQ,SQQQ-USDT-SWAP,SQQQUSDT,0.01,0.1,0.1,0.01,0.01,0.01,5
SSV,SSV-USDT-SWAP,SSVUSDT,0.001,1.0,1.0,0.001,0.01,0.01,5
STABLE,STABLE-USDT-SWAP,STABLEUSDT,1e-05,1.0,1.0,1e-06,10.0,10.0,5
STRK,STRK-USDT-SWAP,STRKUSDT,1e-05,1.0,1.0,1e-05,0.1,0.1,5
STX,STX-USDT-SWAP,STXUSDT,0.0001,0.1,0.1,0.0001,0.1,0.1,5
SUI,SUI-USDT-SWAP,SUIUSDT,0.0001,1.0,1.0,0.0001,10.0,10.0,5
SUSHI,SUSHI-USDT-SWAP,SUSHIUSDT,0.0001,1.0,1.0,1e-05,0.1,0.1,5
SYRUP,SYRUP-USDT-SWAP,SYRUPUSDT,0.0001,1.0,1.0,1e-05,1.0,1.0,5
TAO,TAO-USDT-SWAP,TAOUSDT,0.1,1.0,1.0,0.01,0.001,0.001,5
TER,TER-USDT-SWAP,TERUSDT,0.01,0.01,0.01,0.01,0.01,0.01,5
THETA,THETA-USDT-SWAP,THETAUSDT,0.0001,0.1,0.1,1e-05,0.1,0.1,5
TIA,TIA-USDT-SWAP,TIAUSDT,0.0001,1.0,1.0,0.0001,0.1,0.1,5
TQQQ,TQQQ-USDT-SWAP,TQQQUSDT,0.01,0.1,0.1,0.01,0.01,0.01,5
TRB,TRB-USDT-SWAP,TRBUSDT,0.01,1.0,1.0,0.001,0.01,0.01,5
TRIA,TRIA-USDT-SWAP,TRIAUSDT,1e-06,1.0,1.0,1e-06,10.0,10.0,5
TRUMP,TRUMP-USDT-SWAP,TRUMPUSDT,0.001,1.0,1.0,0.001,0.1,0.1,5
TRUST,TRUST-USDT-SWAP,TRUSTUSDT,1e-05,1.0,1.0,1e-05,1.0,1.0,5
TRUTH,TRUTH-USDT-SWAP,TRUTHUSDT,1e-06,1.0,1.0,1e-06,10.0,10.0,5
TRX,TRX-USDT-SWAP,TRXUSDT,1e-05,0.01,0.01,1e-05,1.0,1.0,5
TSLA,TSLA-USDT-SWAP,TSLAUSDT,0.01,0.01,0.01,0.01,0.01,0.01,5
TSM,TSM-USDT-SWAP,TSMUSDT,0.01,0.01,0.01,0.01,0.01,0.01,5
TTWO,TTWO-USDT-SWAP,TTWOUSDT,0.01,0.01,0.01,0.01,0.01,0.01,5
UB,UB-USDT-SWAP,UBUSDT,1e-05,1.0,1.0,1e-05,10.0,10.0,5
UMA,UMA-USDT-SWAP,UMAUSDT,0.0001,1.0,1.0,0.0001,0.1,0.1,5
UNI,UNI-USDT-SWAP,UNIUSDT,0.001,1.0,1.0,0.001,0.1,0.1,5
USAR,USAR-USDT-SWAP,USARUSDT,0.01,0.1,0.1,0.01,0.1,0.1,5
USELESS,USELESS-USDT-SWAP,USELESSUSDT,1e-05,1.0,1.0,1e-05,1.0,1.0,5
UVXY,UVXY-USDT-SWAP,UVXYUSDT,0.01,0.1,0.1,0.01,0.01,0.01,5
VANA,VANA-USDT-SWAP,VANAUSDT,0.001,1.0,1.0,0.0001,0.01,0.01,5
VIRTUAL,VIRTUAL-USDT-SWAP,VIRTUALUSDT,0.0001,1.0,1.0,0.0001,1.0,1.0,5
VRT,VRT-USDT-SWAP,VRTUSDT,0.01,0.01,0.01,0.01,0.01,0.01,5
VVV,VVV-USDT-SWAP,VVVUSDT,0.001,1.0,1.0,0.001,0.01,0.01,5
W,W-USDT-SWAP,WUSDT,1e-06,1.0,1.0,1e-06,0.1,0.1,5
WAL,WAL-USDT-SWAP,WALUSDT,1e-05,1.0,1.0,1e-05,1.0,1.0,5
WCT,WCT-USDT-SWAP,WCTUSDT,1e-05,1.0,1.0,1e-05,1.0,1.0,5
WDC,WDC-USDT-SWAP,WDCUSDT,0.01,0.01,0.01,0.01,0.01,0.01,5
WET,WET-USDT-SWAP,WETUSDT,1e-05,1.0,1.0,1e-05,1.0,1.0,5
WIF,WIF-USDT-SWAP,WIFUSDT,0.0001,1.0,1.0,1e-05,1.0,1.0,5
WLD,WLD-USDT-SWAP,WLDUSDT,0.0001,1.0,1.0,0.0001,0.1,0.1,5
WLFI,WLFI-USDT-SWAP,WLFIUSDT,1e-05,1.0,1.0,1e-05,1.0,1.0,5
WOO,WOO-USDT-SWAP,WOOUSDT,1e-05,1.0,1.0,1e-06,0.1,0.1,5
XAG,XAG-USDT-SWAP,XAGUSDT,0.01,1.0,1.0,0.01,0.001,0.001,5
XAU,XAU-USDT-SWAP,XAUUSDT,0.1,1.0,1.0,0.01,0.001,0.001,5
XBI,XBI-USDT-SWAP,XBIUSDT,0.01,0.01,0.01,0.01,0.01,0.01,5
XLE,XLE-USDT-SWAP,XLEUSDT,0.01,0.1,0.1,0.01,0.01,0.01,5
XLM,XLM-USDT-SWAP,XLMUSDT,1e-05,0.1,0.1,1e-05,1.0,1.0,5
XPL,XPL-USDT-SWAP,XPLUSDT,1e-05,1.0,1.0,1e-05,1.0,1.0,5
XRP,XRP-USDT-SWAP,XRPUSDT,0.0001,0.01,0.01,0.0001,0.1,0.1,5
XTZ,XTZ-USDT-SWAP,XTZUSDT,0.0001,1.0,1.0,0.0001,0.1,0.1,5
YB,YB-USDT-SWAP,YBUSDT,1e-05,1.0,1.0,1e-05,0.1,0.1,5
YFI,YFI-USDT-SWAP,YFIUSDT,1.0,1.0,1.0,1.0,0.0001,0.0001,5
YGG,YGG-USDT-SWAP,YGGUSDT,1e-05,1.0,1.0,1e-05,0.1,0.1,5
ZAMA,ZAMA-USDT-SWAP,ZAMAUSDT,1e-05,1.0,1.0,1e-05,1.0,1.0,5
ZBT,ZBT-USDT-SWAP,ZBTUSDT,1e-05,1.0,1.0,1e-05,0.1,0.1,5
ZEC,ZEC-USDT-SWAP,ZECUSDT,0.01,1.0,1.0,0.01,0.01,0.01,5
ZEN,ZEN-USDT-SWAP,ZENUSDT,0.001,1.0,1.0,0.001,0.1,0.1,5
ZETA,ZETA-USDT-SWAP,ZETAUSDT,1e-05,1.0,1.0,1e-05,1.0,1.0,5
ZIL,ZIL-USDT-SWAP,ZILUSDT,1e-06,1.0,1.0,1e-06,10.0,10.0,5
ZK,ZK-USDT-SWAP,ZKUSDT,1e-05,1.0,1.0,1e-06,0.1,0.1,5
ZKP,ZKP-USDT-SWAP,ZKPUSDT,1e-05,1.0,1.0,1e-05,1.0,1.0,5
ZORA,ZORA-USDT-SWAP,ZORAUSDT,1e-06,1.0,1.0,1e-06,10.0,10.0,5
ZRO,ZRO-USDT-SWAP,ZROUSDT,0.0001,1.0,1.0,0.0001,0.1,0.1,5
ZRX,ZRX-USDT-SWAP,ZRXUSDT,1e-05,1.0,1.0,1e-05,1.0,1.0,5
