window,label,theta_open,p50_open,min_profit_pp,min_theta_close,mode,status,n_policy_closed,n_applied,n_skipped_nonpositive,n_price_mismatch,n_not_applied,n_negative_rounds,n_open_end,final_bybit,final_okx,min_bybit,min_okx,policy_sum_potential_pp,complete
is,frozen,0.5,0.6,0.2,0.05,fixed100,ok,37,37,0,0,0,0,0,212.26438518433304,14.438443326620373,85.14860706818146,14.438443326620373,26.511466143280252,True
is,frozen,0.5,0.6,0.2,0.05,fixed100_equalize,ok,37,37,0,0,0,0,0,113.35141425547673,113.35141425547673,93.01659918492778,87.00522606451233,26.511466143280252,True
is,frozen,0.5,0.6,0.2,0.05,balance_equalize,ok,37,37,0,0,0,0,0,114.15317390678655,114.15317390678655,92.91599336585553,85.77037932446666,26.511466143280252,True
is,theta_open=0.40,0.4,0.6,0.2,0.05,fixed100,ok,42,42,0,0,0,0,0,217.24047185319608,10.308846530682692,81.94289515156893,10.308846530682692,27.33972860649226,True
is,theta_open=0.40,0.4,0.6,0.2,0.05,fixed100_equalize,ok,42,42,0,0,0,0,0,113.77465919193938,113.77465919193938,89.35518993807945,89.5349427431009,27.33972860649226,True
is,theta_open=0.40,0.4,0.6,0.2,0.05,balance_equalize,ok,42,42,0,0,0,0,0,114.6372381015176,114.6372381015176,89.20411465489379,89.27623457400173,27.33972860649226,True
is,theta_open=0.60,0.6,0.6,0.2,0.05,fixed100,ok,34,34,0,0,0,0,0,216.26248631917667,8.840142633246696,94.00698921030605,8.840142633246696,24.915801651030762,True
is,theta_open=0.60,0.6,0.6,0.2,0.05,fixed100_equalize,ok,34,34,0,0,0,0,0,112.5513144762117,112.5513144762117,94.60794653512932,86.26079344661571,24.915801651030762,True
is,theta_open=0.60,0.6,0.6,0.2,0.05,balance_equalize,ok,34,34,0,0,0,0,0,113.24516766525343,113.24516766525343,94.04571416954137,85.13545991558766,24.915801651030762,True
is,p50_open=0.50,0.5,0.5,0.2,0.05,fixed100,ok,39,39,0,0,0,0,0,190.1618469589166,40.4671325162377,80.17944888604404,37.815411266182586,29.451170369237648,True
is,p50_open=0.50,0.5,0.5,0.2,0.05,fixed100_equalize,ok,39,39,0,0,0,0,0,115.31448973757716,115.31448973757716,93.23500514645448,87.46703120842292,29.451170369237648,True
is,p50_open=0.50,0.5,0.5,0.2,0.05,balance_equalize,ok,39,39,0,0,0,0,0,116.3321610399266,116.3321610399266,93.1191792197543,87.13469259323053,29.451170369237648,True
is,p50_open=0.70,0.5,0.7,0.2,0.05,fixed100,ok,33,33,0,0,0,0,0,201.46142460545693,23.32306689658971,86.95505168153524,23.32306689658971,24.716488729603576,True
is,p50_open=0.70,0.5,0.7,0.2,0.05,fixed100_equalize,ok,33,33,0,0,0,0,0,112.39224575102332,112.39224575102332,92.89443966016987,89.96711636210908,24.716488729603576,True
is,p50_open=0.70,0.5,0.7,0.2,0.05,balance_equalize,ok,33,33,0,0,0,0,0,113.07472998943538,113.07472998943538,92.80262765696176,89.78840254875342,24.716488729603576,True
is,min_profit_pp=0.15,0.5,0.6,0.15,0.05,fixed100,ok,42,42,0,0,0,0,0,217.6014573885512,7.978061066727306,88.15714326367646,7.978061066727306,25.32770165577529,True
is,min_profit_pp=0.15,0.5,0.6,0.15,0.05,fixed100_equalize,ok,42,42,0,0,0,0,0,112.78975922763925,112.78975922763925,94.23179778833699,88.95773287780408,25.32770165577529,True
is,min_profit_pp=0.15,0.5,0.6,0.15,0.05,balance_equalize,ok,42,42,0,0,0,0,0,113.51569548563525,113.51569548563525,94.15575824321303,88.76358552034912,25.32770165577529,True
is,min_profit_pp=0.25,0.5,0.6,0.25,0.05,fixed100,ok,37,37,0,0,0,0,0,225.36414429757681,2.436774963903563,86.63314517306341,2.436774963903563,27.69412416554986,True
is,min_profit_pp=0.25,0.5,0.6,0.25,0.05,fixed100_equalize,ok,37,37,0,0,0,0,0,113.90045963074022,113.90045963074022,93.12527149049524,87.80546901550477,27.69412416554986,True
is,min_profit_pp=0.25,0.5,0.6,0.25,0.05,balance_equalize,ok,37,37,0,0,0,0,0,114.78090764744971,114.78090764744971,93.01688791160376,86.58475410829487,27.69412416554986,True
is,min_theta_close=0,0.5,0.6,0.2,0.0,fixed100,ok,39,39,0,0,0,0,0,202.549113330028,24.78265358616096,84.7150519461674,24.78265358616096,27.180653304979188,True
is,min_theta_close=0,0.5,0.6,0.2,0.0,fixed100_equalize,ok,39,39,0,0,0,0,0,113.66588345809453,113.66588345809453,92.92978884291146,88.77109084226615,27.180653304979188,True
is,min_theta_close=0,0.5,0.6,0.2,0.0,balance_equalize,ok,39,39,0,0,0,0,0,114.52241051017822,114.52241051017822,92.83551798578343,87.67044848578742,27.180653304979188,True
is,min_theta_close=0.10,0.5,0.6,0.2,0.1,fixed100,ok,36,36,0,0,0,0,0,219.72341435172854,6.689169383467762,89.9062439121691,6.689169383467762,26.122505609691128,True
is,min_theta_close=0.10,0.5,0.6,0.2,0.1,fixed100_equalize,ok,36,36,0,0,0,0,0,113.20629186759814,113.20629186759814,93.17016111227532,87.06923342814738,26.122505609691128,True
is,min_theta_close=0.10,0.5,0.6,0.2,0.1,balance_equalize,ok,36,36,0,0,0,0,0,113.97736342142917,113.97736342142917,93.05833165478725,85.82574852833012,26.122505609691128,True
oos,frozen,0.5,0.6,0.2,0.05,fixed100,ok,71,71,0,0,0,0,1,97.99576115306631,123.23323311897418,89.18984123392683,92.01543205871259,21.20584860146043,True
oos,frozen,0.5,0.6,0.2,0.05,fixed100_equalize,ok,71,71,0,0,0,0,1,110.58949713602031,110.63949713602031,90.05214013944767,87.03841037902595,21.20584860146043,True
oos,frozen,0.5,0.6,0.2,0.05,balance_equalize,ok,71,71,0,0,0,0,1,111.1602776886203,111.21591346323922,90.04171368809583,86.49532229031112,21.20584860146043,True
oos,theta_open=0.40,0.4,0.6,0.2,0.05,fixed100,ok,79,79,0,0,0,0,1,99.92632801176045,123.51991872635718,87.94343615873888,88.66111181676166,23.513513895869224,True
oos,theta_open=0.40,0.4,0.6,0.2,0.05,fixed100_equalize,ok,79,79,0,0,0,0,1,111.69812336905888,111.74812336905887,90.05112112668243,87.1514597513289,23.513513895869224,True
oos,theta_open=0.40,0.4,0.6,0.2,0.05,balance_equalize,ok,79,79,0,0,0,0,1,112.39856612732105,112.45482166592332,90.04079710230808,86.46230321460824,23.513513895869224,True
oos,theta_open=0.60,0.6,0.6,0.2,0.05,fixed100,ok,58,58,0,0,0,0,0,115.61168437930776,102.8095427544345,90.1324959766553,81.6205555032448,18.183240672945956,True
oos,theta_open=0.60,0.6,0.6,0.2,0.05,fixed100_equalize,ok,58,58,0,0,0,0,0,109.21061356687119,109.21061356687119,90.05004192195625,83.65947984274479,18.183240672945956,True
oos,theta_open=0.60,0.6,0.6,0.2,0.05,balance_equalize,ok,58,58,0,0,0,0,0,109.63806499549034,109.63806499549034,90.03982637480804,83.10212688476442,18.183240672945956,True
oos,p50_open=0.50,0.5,0.5,0.2,0.05,fixed100,ok,75,75,0,0,0,0,1,110.48644390566396,111.11240936848841,87.22040991023326,93.98894295148632,21.564123522490235,True
oos,p50_open=0.50,0.5,0.5,0.2,0.05,fixed100_equalize,ok,75,75,0,0,0,0,1,110.77442663707626,110.82442663707626,88.98717225044318,85.77880511636056,21.564123522490235,True
oos,p50_open=0.50,0.5,0.5,0.2,0.05,balance_equalize,ok,75,75,0,0,0,0,1,111.36585314460504,111.42159180984258,88.94883688789955,85.22409113894449,21.564123522490235,True
oos,p50_open=0.70,0.5,0.7,0.2,0.05,fixed100,ok,63,63,0,0,0,0,0,102.86555640822814,115.95452200222817,92.82539109861185,83.39468596202279,18.50470363199709,True
oos,p50_open=0.70,0.5,0.7,0.2,0.05,fixed100_equalize,ok,63,63,0,0,0,0,0,109.41003920522824,109.41003920522824,94.24192990474214,86.22462147424378,18.50470363199709,True
oos,p50_open=0.70,0.5,0.7,0.2,0.05,balance_equalize,ok,63,63,0,0,0,0,0,109.85793033381411,109.85793033381411,94.23599498806988,85.79464733140381,18.50470363199709,True
oos,min_profit_pp=0.15,0.5,0.6,0.15,0.05,fixed100,ok,76,76,0,0,0,0,1,91.51632075330406,126.21702021559271,85.39487693606787,93.81008005851949,17.656057664006923,True
oos,min_profit_pp=0.15,0.5,0.6,0.15,0.05,fixed100_equalize,ok,76,76,0,0,0,0,1,108.84167048444834,108.89167048444834,90.02166199336378,86.42009283930915,17.656057664006923,True
oos,min_profit_pp=0.15,0.5,0.6,0.15,0.05,balance_equalize,ok,76,76,0,0,0,0,1,109.23721591451351,109.291889195752,90.01429908006487,85.96271902841168,17.656057664006923,True
oos,min_profit_pp=0.25,0.5,0.6,0.25,0.05,fixed100,ok,58,58,0,0,0,0,1,93.42919736903401,126.56197704586856,87.11852471018561,94.91990524144559,19.980845472216583,True
oos,min_profit_pp=0.25,0.5,0.6,0.25,0.05,fixed100_equalize,ok,58,58,0,0,0,0,1,109.97058720745133,110.02058720745133,90.07593089694481,86.33250264079737,19.980845472216583,True
oos,min_profit_pp=0.25,0.5,0.6,0.25,0.05,balance_equalize,ok,58,58,0,0,0,0,1,110.47306715746976,110.5283589828739,90.06311309637178,85.88630980731844,19.980845472216583,True
oos,min_theta_close=0,0.5,0.6,0.2,0.0,fixed100,ok,71,71,0,0,0,0,1,99.5683691485941,121.5113854260536,89.18984123392683,91.23094233290786,21.041929722577308,True
oos,min_theta_close=0,0.5,0.6,0.2,0.0,fixed100_equalize,ok,71,71,0,0,0,0,1,110.51487728732393,110.56487728732392,90.05214013944767,86.95544913016005,21.041929722577308,True
oos,min_theta_close=0,0.5,0.6,0.2,0.0,balance_equalize,ok,71,71,0,0,0,0,1,111.07753484085906,111.13312920264127,90.04171368809583,86.4237361457161,21.041929722577308,True
oos,min_theta_close=0.10,0.5,0.6,0.2,0.1,fixed100,ok,70,70,0,0,0,0,1,103.83029810609573,117.21723401627078,89.18984123392683,91.40361646472705,20.990100633352966,True
oos,min_theta_close=0.10,0.5,0.6,0.2,0.1,fixed100_equalize,ok,70,70,0,0,0,0,1,110.4987660611833,110.5487660611833,90.05214013944767,87.10692667206763,20.990100633352966,True
oos,min_theta_close=0.10,0.5,0.6,0.2,0.1,balance_equalize,ok,70,70,0,0,0,0,1,111.05950512634305,111.11509046424412,90.04171368809583,86.55452269412768,20.990100633352966,True
