base_coin,n_ticks,std_spread_long,std_spread_short,mean_spread_long,mean_spread_short,days_with_ticks,std_spread,std_status,window_start,window_end,n_files,n_tables
0G,3199226,0.07894494409319315,0.07675159793941841,-0.09652027299413003,-0.09113273679577874,25,0.07894494409319315,ok,2026-08-03T13:35:00Z,2026-08-27T11:40:00Z,6094,6094
1INCH,3433435,0.05987711852943049,0.05609875395805523,-0.08425822787490374,0.006129306163923954,25,0.05987711852943049,ok,2026-08-03T13:35:00Z,2026-08-27T11:40:00Z,6094,6094
2Z,4561750,0.2637788344185888,0.2681097486049677,0.013711526715042844,-0.11739058888892395,25,0.2681097486049677,ok,2026-08-03T13:35:00Z,2026-08-27T11:40:00Z,6094,6094
A,2890358,0.06764290527055755,0.08287711825755262,-0.18022547191849708,0.03959278337684614,25,0.08287711825755262,ok,2026-08-03T13:35:00Z,2026-08-27T11:40:00Z,6094,6094
AAOI,11694657,0.056662738622758405,0.05588575812985135,-0.09616730642115093,-0.017313214135138248,25,0.056662738622758405,ok,2026-08-03T13:35:00Z,2026-08-27T11:40:00Z,6094,6094
AAPL,3845312,0.019171964121850637,0.01967278725481567,-0.010700278945345395,-0.003650982078943684,25,0.01967278725481567,ok,2026-08-03T13:35:00Z,2026-08-27T11:40:00Z,6094,6094
AAVE,17248102,0.02764964466692625,0.0296001882262082,-0.03254038529977798,0.012962379540425313,25,0.0296001882262082,ok,2026-08-03T13:35:00Z,2026-08-27T11:40:00Z,6094,6094
ACH,2618955,0.07404554239701276,0.0819674138820515,-0.0038380045624050617,-0.15435933348918898,25,0.0819674138820515,ok,2026-08-03T13:35:00Z,2026-08-27T11:40:00Z,6094,6094
ACT,8245337,0.11220283128236827,0.09238535119697598,-0.0342563504208115,-0.0834137823945638,25,0.11220283128236827,ok,2026-08-03T13:35:00Z,2026-08-27T11:40:00Z,6094,6094
ACU,8272684,0.1355399137837739,0.1335890346830761,-0.12175159652055699,-0.04370818072082122,25,0.1355399137837739,ok,2026-08-03T13:35:00Z,2026-08-27T11:40:00Z,6094,6094
ADA,25125591,0.039623866909547785,0.04432176559120111,-0.042544297255535324,-0.05833765035908695,25,0.04432176559120111,ok,2026-08-03T13:35:00Z,2026-08-27T11:40:00Z,6094,6094
ADBE,2214302,0.08788711354794221,0.08328654237679807,-0.12123426476635499,-0.12143781823391132,25,0.08788711354794221,ok,2026-08-03T13:35:00Z,2026-08-27T11:40:00Z,6094,6094
AERO,6701708,0.045294722253580603,0.04398664340352809,-0.05698839020362346,-0.01469669980071781,25,0.045294722253580603,ok,2026-08-03T13:35:00Z,2026-08-27T11:40:00Z,6094,6094
AEVO,2675567,0.0729364108144079,0.08024480006477556,-0.06875689297009957,-0.06387205346221411,25,0.08024480006477556,ok,2026-08-03T13:35:00Z,2026-08-27T11:40:00Z,6094,6094
AGLD,2252808,0.08500760635099634,0.08300110943685605,-0.08428893604744452,-0.09964450346414815,25,0.08500760635099634,ok,2026-08-03T13:35:00Z,2026-08-27T11:40:00Z,6094,6094
AIXBT,2790440,0.06515892340079046,0.06182392938898489,-0.11897237645077768,-0.04335000126297521,25,0.06515892340079046,ok,2026-08-03T13:35:00Z,2026-08-27T11:40:00Z,6094,6094
ALAB,3970535,0.11156696145098273,0.10845242408873217,-0.147033545734137,-0.19245954655291764,25,0.11156696145098273,ok,2026-08-03T13:35:00Z,2026-08-27T11:40:00Z,6094,6094
ALGO,6594015,0.04474560766911877,0.04089562746045189,-0.04791670290328676,0.009240493894514618,25,0.04474560766911877,ok,2026-08-03T13:35:00Z,2026-08-27T11:40:00Z,6094,6094
ALLO,9771599,0.043678708771358335,0.04373290471904882,-0.060440552985461145,0.008344227633838453,25,0.04373290471904882,ok,2026-08-03T13:35:00Z,2026-08-27T11:40:00Z,6094,6094
AMAT,6192976,0.07863724808527461,0.061107701285199136,-0.18457417107395724,-0.018961050608841973,25,0.07863724808527461,ok,2026-08-03T13:35:00Z,2026-08-27T11:40:00Z,6094,6094
AMZN,4129944,0.021999319449800644,0.022809884404115004,-0.026906623062546448,0.008365209842936294,25,0.022809884404115004,ok,2026-08-03T13:35:00Z,2026-08-27T11:40:00Z,6094,6094
ANIME,2750023,0.0572180639223511,0.05559306461122563,0.021972648358106906,-0.12326012258688786,25,0.0572180639223511,ok,2026-08-03T13:35:00Z,2026-08-27T11:40:00Z,6094,6094
APE,5225808,0.036829917264675854,0.04000379831075922,0.011050561357387642,-0.06911832664533078,25,0.04000379831075922,ok,2026-08-03T13:35:00Z,2026-08-27T11:40:00Z,6094,6094
API3,2412323,0.06909800830202811,0.0674793147987071,0.00810375867288795,-0.1533574018164361,25,0.06909800830202811,ok,2026-08-03T13:35:00Z,2026-08-27T11:40:00Z,6094,6094
APR,13854871,0.16248308326240657,0.15544762279630164,-0.0399292428165474,-0.07306943197347962,25,0.16248308326240657,ok,2026-08-03T13:35:00Z,2026-08-27T11:40:00Z,6094,6094
APT,11602470,0.031190425357073618,0.03156252404143654,-0.009685432237247101,-0.02657850351341257,25,0.03156252404143654,ok,2026-08-03T13:35:00Z,2026-08-27T11:40:00Z,6094,6094
AR,3350079,0.05640815159332045,0.05542654368991604,-0.04556532799667446,-0.08278154836772195,25,0.05640815159332045,ok,2026-08-03T13:35:00Z,2026-08-27T11:40:00Z,6094,6094
ARB,10989935,0.028657316877120115,0.028323424368376312,-0.017852301741827715,-0.012919218800321576,25,0.028657316877120115,ok,2026-08-03T13:35:00Z,2026-08-27T11:40:00Z,6094,6094
ARKM,4505762,0.052927643739974474,0.0427172502254689,0.01834262935631621,-0.13102901276819343,25,0.052927643739974474,ok,2026-08-03T13:35:00Z,2026-08-27T11:40:00Z,6094,6094
ARM,7191379,0.04592003772925389,0.046157677179833836,-0.0927022789628898,-0.07127546796037114,25,0.046157677179833836,ok,2026-08-03T13:35:00Z,2026-08-27T11:40:00Z,6094,6094
ARX,3101836,0.10053907391486383,0.1053615824277902,-0.09826456218030122,-0.12356915051180481,25,0.1053615824277902,ok,2026-08-03T13:35:00Z,2026-08-27T11:40:00Z,6094,6094
ASML,4270571,0.054443846552110625,0.0564667340903283,-0.13976067492339206,-0.07825551701961762,25,0.0564667340903283,ok,2026-08-03T13:35:00Z,2026-08-27T11:40:00Z,6094,6094
ASTER,7043674,0.040249994274843916,0.04019131512062811,-0.04092947029130224,0.008775967048450089,25,0.040249994274843916,ok,2026-08-03T13:35:00Z,2026-08-27T11:40:00Z,6094,6094
ASTS,4925812,0.07992060564293191,0.07124064237934301,-0.12351291187557162,-0.10870536030265539,25,0.07992060564293191,ok,2026-08-03T13:35:00Z,2026-08-27T11:40:00Z,6094,6094
AT,1802520,0.12046278275419621,0.14579092672707272,-0.21176084582109186,-0.041293057459538464,25,0.14579092672707272,ok,2026-08-03T13:35:00Z,2026-08-27T11:40:00Z,6094,6094
ATH,3581802,0.0611074120275987,0.06742649399584061,-0.14982430209611608,0.02248309748926199,25,0.06742649399584061,ok,2026-08-03T13:35:00Z,2026-08-27T11:40:00Z,6094,6094
ATOM,5719875,0.05168137418695831,0.053664865426762694,-0.03961784223765402,-0.08732505160265483,25,0.053664865426762694,ok,2026-08-03T13:35:00Z,2026-08-27T11:40:00Z,6094,6094
AUCTION,1859592,0.05533134444213708,0.0760851418909696,-0.002103082270026602,-0.15671033021623343,25,0.0760851418909696,ok,2026-08-03T13:35:00Z,2026-08-27T11:40:00Z,6094,6094
AVAX,16222857,0.025987792094366455,0.02650919835159024,-0.01828618641275736,-0.011201580622688305,25,0.02650919835159024,ok,2026-08-03T13:35:00Z,2026-08-27T11:40:00Z,6094,6094
AVGO,4025150,0.049621697604813796,0.04384553365284853,-0.060743772714341435,-0.04177558322770758,25,0.049621697604813796,ok,2026-08-03T13:35:00Z,2026-08-27T11:40:00Z,6094,6094
AVNT,6848207,0.08073218820592615,0.07287407250494331,-0.06926310724754572,-0.013290520068597048,25,0.08073218820592615,ok,2026-08-03T13:35:00Z,2026-08-27T11:40:00Z,6094,6094
AXS,5245005,0.04578322268000499,0.039528714316161125,-0.035048276651991984,-0.017534538382395472,25,0.04578322268000499,ok,2026-08-03T13:35:00Z,2026-08-27T11:40:00Z,6094,6094
AXTI,8804263,0.065498265420137,0.07171052374483056,-0.07069749224974473,-0.07229109756860368,25,0.07171052374483056,ok,2026-08-03T13:35:00Z,2026-08-27T11:40:00Z,6094,6094
AZTEC,1808915,0.16825285221277742,0.15589944367456313,-0.024276048023374238,-0.20616918602596304,25,0.16825285221277742,ok,2026-08-03T13:35:00Z,2026-08-27T11:40:00Z,6094,6094
BABY,4652977,0.07301080289337253,0.07264508137132623,0.045031634140309675,-0.182336833781723,25,0.07301080289337253,ok,2026-08-03T13:35:00Z,2026-08-27T11:40:00Z,6094,6094
BAND,1709944,0.07206645428406991,0.07640979491661236,-0.01216457428653033,-0.17304139968283874,25,0.07640979491661236,ok,2026-08-03T13:35:00Z,2026-08-27T11:40:00Z,6094,6094
BARD,3494460,0.07883187338170465,0.07512193632668882,-0.0067882732456424,-0.14153699635241734,25,0.07883187338170465,ok,2026-08-03T13:35:00Z,2026-08-27T11:40:00Z,6094,6094
BASED,6055274,0.12030907504751176,0.10236021785001281,0.024793577874123982,-0.11664130011222268,25,0.12030907504751176,ok,2026-08-03T13:35:00Z,2026-08-27T11:40:00Z,6094,6094
BAT,3931806,0.04892940933859444,0.04521713221366991,0.016507058532478518,-0.1200110373001468,25,0.04892940933859444,ok,2026-08-03T13:35:00Z,2026-08-27T11:40:00Z,6094,6094
BCH,13271195,0.0399247843574883,0.04479648949606331,-0.05247946455638033,-0.03175144032355545,25,0.04479648949606331,ok,2026-08-03T13:35:00Z,2026-08-27T11:40:00Z,6094,6094
BE,17983135,0.052872462290996215,0.0565168985985073,-0.1410065957332804,0.009078740225819157,25,0.0565168985985073,ok,2026-08-03T13:35:00Z,2026-08-27T11:40:00Z,6094,6094
BEAT,34497743,0.1267798266652482,0.13164368733473833,-0.08229276181587626,-0.09269014149713337,25,0.13164368733473833,ok,2026-08-03T13:35:00Z,2026-08-27T11:40:00Z,6094,6094
BERA,4366599,0.09667295734656693,0.09624312211960777,-0.07550640487153723,-0.07679379417968296,25,0.09667295734656693,ok,2026-08-03T13:35:00Z,2026-08-27T11:40:00Z,6094,6094
BICO,22617119,0.263972823826884,0.2593141326663936,0.13356840988393015,-0.22016878066299556,25,0.263972823826884,ok,2026-08-03T13:35:00Z,2026-08-27T11:40:00Z,6094,6094
BIGTIME,4162669,0.06811115985464415,0.06618974381848483,0.038255805186263016,-0.18361533902572671,25,0.06811115985464415,ok,2026-08-03T13:35:00Z,2026-08-27T11:40:00Z,6094,6094
BILL,3881090,0.09962199216297689,0.11433071248090115,-0.1034335941158341,-0.041179390836189086,25,0.11433071248090115,ok,2026-08-03T13:35:00Z,2026-08-27T11:40:00Z,6094,6094
BIO,4259152,0.0591219951950169,0.05916718786911819,-0.057688661951138455,-0.03743172738846135,25,0.05916718786911819,ok,2026-08-03T13:35:00Z,2026-08-27T11:40:00Z,6094,6094
BLEND,2086929,0.2035516728492387,0.22448374205908275,-0.19303854037123924,-0.008129126863027813,25,0.22448374205908275,ok,2026-08-03T13:35:00Z,2026-08-27T11:40:00Z,6094,6094
BLUR,3776721,0.06987553955093537,0.06898841181712739,-0.05533393558354185,-0.07053863268297429,25,0.06987553955093537,ok,2026-08-03T13:35:00Z,2026-08-27T11:40:00Z,6094,6094
BMNR,6330157,0.06880635696743975,0.0695167081279926,-0.09719067615513417,-0.09400805897240186,25,0.0695167081279926,ok,2026-08-03T13:35:00Z,2026-08-27T11:40:00Z,6094,6094
BNB,15423975,0.019047820845712094,0.019726482487341237,-0.01596404432258799,-0.015343537930085811,25,0.019726482487341237,ok,2026-08-03T13:35:00Z,2026-08-27T11:40:00Z,6094,6094
BOME,10253523,0.06549597955362167,0.06570815188010774,-0.0457407596278694,-0.026303406955830555,25,0.06570815188010774,ok,2026-08-03T13:35:00Z,2026-08-27T11:40:00Z,6094,6094
BOT,2412179,0.1487444091174239,0.15741471429814494,-0.07102275262079347,-0.23295424145176616,25,0.15741471429814494,ok,2026-08-03T13:35:00Z,2026-08-27T11:40:00Z,6094,6094
BRETT,4535412,0.07597537069798672,0.07476957604362336,-0.18483874267717768,8.165595176725136e-05,25,0.07597537069798672,ok,2026-08-03T13:35:00Z,2026-08-27T11:40:00Z,6094,6094
BREV,2359693,0.07123428209658098,0.07648498893519783,0.006616723574903599,-0.17455064147971924,25,0.07648498893519783,ok,2026-08-03T13:35:00Z,2026-08-27T11:40:00Z,6094,6094
BSB,7198042,0.11026857522709989,0.11392872111176344,-0.0623763467200116,-0.08488630419548965,25,0.11392872111176344,ok,2026-08-03T13:35:00Z,2026-08-27T11:40:00Z,6094,6094
BSP,3546403,0.149749908853062,0.14702139935511813,-0.15071574442385366,-0.19645161315940032,25,0.149749908853062,ok,2026-08-03T13:35:00Z,2026-08-27T11:40:00Z,6094,6094
BTC,46390074,0.009712948587679463,0.009704087410323373,-0.004997411538168393,0.004696068935178528,25,0.009712948587679463,ok,2026-08-03T13:35:00Z,2026-08-27T11:40:00Z,6094,6094
BZ,9714440,0.030041148236395608,0.029781120048012477,-0.03942313697155823,0.014131390777821832,25,0.030041148236395608,ok,2026-08-03T13:35:00Z,2026-08-27T11:40:00Z,6094,6094
CAP,15800366,0.235643621594228,0.23232789999597628,0.131980645479828,-0.2112531799759418,25,0.235643621594228,ok,2026-08-03T13:35:00Z,2026-08-27T11:40:00Z,6094,6094
CBRS,6969541,0.052947673600660834,0.05572079572204109,-0.0690732493571424,-0.03749172294357973,25,0.05572079572204109,ok,2026-08-03T13:35:00Z,2026-08-27T11:40:00Z,6094,6094
CC,5491066,0.04603123244797794,0.045615769679332153,-0.018183457347016093,-0.04525427512506896,25,0.04603123244797794,ok,2026-08-03T13:35:00Z,2026-08-27T11:40:00Z,6094,6094
CELO,3645845,0.05190979226258513,0.048775031420223054,-0.028016454513742267,-0.10156941406775193,25,0.05190979226258513,ok,2026-08-03T13:35:00Z,2026-08-27T11:40:00Z,6094,6094
CFX,3805552,0.049114239617013736,0.052171039403258575,-0.06356988035212031,-0.005157778726465786,25,0.052171039403258575,ok,2026-08-03T13:35:00Z,2026-08-27T11:40:00Z,6094,6094
CHIP,5897904,0.06308433730331263,0.06693877982144793,-0.00876811856651037,-0.0901155661813801,25,0.06693877982144793,ok,2026-08-03T13:35:00Z,2026-08-27T11:40:00Z,6094,6094
CHZ,3985517,0.07317212244188728,0.0745996413797275,-0.08039714526204328,-0.07905891247382107,25,0.0745996413797275,ok,2026-08-03T13:35:00Z,2026-08-27T11:40:00Z,6094,6094
CIEN,4290677,0.18092862303298848,0.16727839157331517,-0.22048028356941093,-0.21555938794490925,25,0.18092862303298848,ok,2026-08-03T13:35:00Z,2026-08-27T11:40:00Z,6094,6094
CL,13449849,0.02975252365584863,0.030005902179674675,-0.03687273409033175,0.012092995505940118,25,0.030005902179674675,ok,2026-08-03T13:35:00Z,2026-08-27T11:40:00Z,6094,6094
COAI,2937412,0.1537851614271718,0.17692072836722036,-0.2089951953179957,0.04778479735607092,25,0.17692072836722036,ok,2026-08-03T13:35:00Z,2026-08-27T11:40:00Z,6094,6094
COHR,10667120,0.08400604441707292,0.07342513185837732,-0.16749791483545262,0.0016085139653514292,25,0.08400604441707292,ok,2026-08-03T13:35:00Z,2026-08-27T11:40:00Z,6094,6094
COIN,11222370,0.03123422078512448,0.03260916144957946,-0.03998358666246858,-0.024090233981245598,25,0.03260916144957946,ok,2026-08-03T13:35:00Z,2026-08-27T11:40:00Z,6094,6094
COMP,2868118,0.055658187706926515,0.058107668360116375,0.006145649596915469,-0.13660223585624903,25,0.058107668360116375,ok,2026-08-03T13:35:00Z,2026-08-27T11:40:00Z,6094,6094
CORE,3511807,0.11455577860672223,0.10656959845985814,-0.11712012992318119,-0.052158962626802016,25,0.11455577860672223,ok,2026-08-03T13:35:00Z,2026-08-27T11:40:00Z,6094,6094
COST,1950575,0.08084506705561194,0.08109647908072076,-0.19250981906926157,-0.08010825190145077,25,0.08109647908072076,ok,2026-08-03T13:35:00Z,2026-08-27T11:40:00Z,6094,6094
CRCL,10438110,0.029004046481819708,0.0279151996750002,-0.006831243649259949,-0.03028950121322367,25,0.029004046481819708,ok,2026-08-03T13:35:00Z,2026-08-27T11:40:00Z,6094,6094
CRDO,5969601,0.11012043723293581,0.0979359842186765,-0.1393298728890662,-0.1462264401836098,25,0.11012043723293581,ok,2026-08-03T13:35:00Z,2026-08-27T11:40:00Z,6094,6094
CRO,4646878,0.04877043799196392,0.0580867308160102,-0.04443616054098754,-0.05290765616158651,25,0.0580867308160102,ok,2026-08-03T13:35:00Z,2026-08-27T11:40:00Z,6094,6094
CRV,10044318,0.042946026486155246,0.04241174382718206,-0.03886509174126244,-0.03687972034950451,25,0.042946026486155246,ok,2026-08-03T13:35:00Z,2026-08-27T11:40:00Z,6094,6094
CRWD,2984531,0.09257753884915323,0.0892165140660918,-0.2114799653804479,-0.09912995715208327,25,0.09257753884915323,ok,2026-08-03T13:35:00Z,2026-08-27T11:40:00Z,6094,6094
CRWV,6431917,0.057241514495678464,0.057118026306040015,-0.08342736643743416,-0.04577518884315982,25,0.057241514495678464,ok,2026-08-03T13:35:00Z,2026-08-27T11:40:00Z,6094,6094
CSCO,1716616,0.10089698908746203,0.10547646765736442,-0.1712958247830276,-0.20750487377618124,25,0.10547646765736442,ok,2026-08-03T13:35:00Z,2026-08-27T11:40:00Z,6094,6094
CVX,3777248,0.11316233988890025,0.13384946111384455,-0.009425267289243495,-0.2073921585808516,25,0.13384946111384455,ok,2026-08-03T13:35:00Z,2026-08-27T11:40:00Z,6094,6094
DASH,6718151,0.07248186337822658,0.07177315497521537,0.05160103001955337,-0.112373860354593,25,0.07248186337822658,ok,2026-08-03T13:35:00Z,2026-08-27T11:40:00Z,6094,6094
DATA,2021153,0.10087548659735278,0.10836987730828158,-0.07447714302890523,-0.06707180850956443,25,0.10836987730828158,ok,2026-08-03T13:35:00Z,2026-08-27T11:40:00Z,6094,6094
DELL,8984839,0.04307720401354476,0.05313842799900866,-0.06151635490103412,-0.036394864041970273,25,0.05313842799900866,ok,2026-08-03T13:35:00Z,2026-08-27T11:40:00Z,6094,6094
DOGE,28924772,0.023646795453652836,0.02434874961862185,-0.02039794592277641,-0.0056057449992525325,25,0.02434874961862185,ok,2026-08-03T13:35:00Z,2026-08-27T11:40:00Z,6094,6094
DOOD,1748698,0.1002457064531527,0.09084497643327138,0.05975648983531571,-0.2744662127733928,25,0.1002457064531527,ok,2026-08-03T13:35:00Z,2026-08-27T11:40:00Z,6094,6094
DOT,13313078,0.021952388351989514,0.02190638923846261,-0.01448586441114881,-0.009672576772505175,25,0.021952388351989514,ok,2026-08-03T13:35:00Z,2026-08-27T11:40:00Z,6094,6094
DRAM,14270755,0.0244624053328014,0.023988192979169844,-0.017137852871148183,-0.023226733519532177,25,0.0244624053328014,ok,2026-08-03T13:35:00Z,2026-08-27T11:40:00Z,6094,6094
DYDX,5667281,0.0490514792081718,0.05060351052133216,-0.028445885548221316,-0.052729623782818126,25,0.05060351052133216,ok,2026-08-03T13:35:00Z,2026-08-27T11:40:00Z,6094,6094
EDEN,9336841,0.20802356568894045,0.21182665407194048,0.04348978881872838,-0.1573475587849537,25,0.21182665407194048,ok,2026-08-03T13:35:00Z,2026-08-27T11:40:00Z,6094,6094
EDGE,4033321,0.09536854515502553,0.09243764172732487,-0.09512248506087168,-0.03658398288464394,25,0.09536854515502553,ok,2026-08-03T13:35:00Z,2026-08-27T11:40:00Z,6094,6094
EGLD,3929818,0.04544241545580191,0.045273143178200144,-0.06952112053582774,-0.01736390231207651,25,0.04544241545580191,ok,2026-08-03T13:35:00Z,2026-08-27T11:40:00Z,6094,6094
EIGEN,6352148,0.05660628432658842,0.051513350432127875,-0.049090879173506685,-0.0677915502861794,25,0.05660628432658842,ok,2026-08-03T13:35:00Z,2026-08-27T11:40:00Z,6094,6094
ENA,20755127,0.03613441415491802,0.037393610639991554,-0.031795110342269006,0.011478680336631781,25,0.037393610639991554,ok,2026-08-03T13:35:00Z,2026-08-27T11:40:00Z,6094,6094
ENJ,2076955,0.07101889912385385,0.07176507638669598,-0.062184378502729974,-0.07206062138061352,25,0.07176507638669598,ok,2026-08-03T13:35:00Z,2026-08-27T11:40:00Z,6094,6094
ENS,4742004,0.054460355034441826,0.052302050155230276,-0.11344210496830563,0.033576958720332915,25,0.054460355034441826,ok,2026-08-03T13:35:00Z,2026-08-27T11:40:00Z,6094,6094
ENSO,4907749,0.08128224622710764,0.09348230589262899,-0.0008133543064152465,-0.1775383256835136,25,0.09348230589262899,ok,2026-08-03T13:35:00Z,2026-08-27T11:40:00Z,6094,6094
ESP,5375450,0.09010508870482342,0.09250525020048858,0.056396929527506884,-0.1268992198183684,25,0.09250525020048858,ok,2026-08-03T13:35:00Z,2026-08-27T11:40:00Z,6094,6094
ETC,8983278,0.029662630030234068,0.030896419455608105,-0.009005660162758038,-0.023242444794614153,25,0.030896419455608105,ok,2026-08-03T13:35:00Z,2026-08-27T11:40:00Z,6094,6094
ETH,46978316,0.010897026513733924,0.010886850071486176,-0.0030385710048902695,0.00206290727380152,25,0.010897026513733924,ok,2026-08-03T13:35:00Z,2026-08-27T11:40:00Z,6094,6094
ETHFI,8927629,0.053907320896797645,0.056110885856390916,-0.010713064178255304,-0.04783883804874189,25,0.056110885856390916,ok,2026-08-03T13:35:00Z,2026-08-27T11:40:00Z,6094,6094
EWJ,2054196,0.04974311032742367,0.04942361297559229,-0.09305110030707721,-0.0798925852461451,25,0.04974311032742367,ok,2026-08-03T13:35:00Z,2026-08-27T11:40:00Z,6094,6094
EWT,1993558,0.10000110812989672,0.09842324288154262,-0.21455661044471996,-0.1493801924613124,25,0.10000110812989672,ok,2026-08-03T13:35:00Z,2026-08-27T11:40:00Z,6094,6094
EWY,11079749,0.023208230168411694,0.0234621402498274,-0.0019438338085200405,-0.012445882100061907,25,0.0234621402498274,ok,2026-08-03T13:35:00Z,2026-08-27T11:40:00Z,6094,6094
F,1890494,0.06335806283942058,0.06180110580677158,-0.0793402632203651,-0.10390413517446848,25,0.06335806283942058,ok,2026-08-03T13:35:00Z,2026-08-27T11:40:00Z,6094,6094
FARTCOIN,14509356,0.04955267908842203,0.04835605821547367,-0.0479648999553821,-0.02919649859771581,25,0.04955267908842203,ok,2026-08-03T13:35:00Z,2026-08-27T11:40:00Z,6094,6094
FIL,12926431,0.027091481661932596,0.02836048055180243,-0.017676740931263972,-0.013455766260433561,25,0.02836048055180243,ok,2026-08-03T13:35:00Z,2026-08-27T11:40:00Z,6094,6094
FLNC,2109989,0.1131307886719319,0.11445327218445564,-0.212718076259668,-0.10893800274384265,25,0.11445327218445564,ok,2026-08-03T13:35:00Z,2026-08-27T11:40:00Z,6094,6094
FLOW,2068955,0.07346216910082712,0.06675798300039588,-0.09305334827017793,-0.04847159259077917,25,0.07346216910082712,ok,2026-08-03T13:35:00Z,2026-08-27T11:40:00Z,6094,6094
FOGO,3891925,0.06141624377292626,0.06627176014633349,-0.01766008436912699,-0.07791021933595292,25,0.06627176014633349,ok,2026-08-03T13:35:00Z,2026-08-27T11:40:00Z,6094,6094
GALA,7499247,0.06499513520609355,0.06582380297019633,-0.05958210086295427,-0.06037452922912667,25,0.06582380297019633,ok,2026-08-03T13:35:00Z,2026-08-27T11:40:00Z,6094,6094
GAS,4415078,0.089740456672328,0.10434193182954928,0.03286230961701051,-0.16511831017610745,25,0.10434193182954928,ok,2026-08-03T13:35:00Z,2026-08-27T11:40:00Z,6094,6094
GEV,1705442,0.13783305209209823,0.12670700537181961,-0.19390508817763438,-0.17822791602132645,25,0.13783305209209823,ok,2026-08-03T13:35:00Z,2026-08-27T11:40:00Z,6094,6094
GIGGLE,6931744,0.11116909410046946,0.12241504071288019,0.00538788259235074,-0.08667552556059144,25,0.12241504071288019,ok,2026-08-03T13:35:00Z,2026-08-27T11:40:00Z,6094,6094
GLM,3940214,0.05699309101319627,0.050149597010367,-0.009800551157696232,-0.11940409591390673,25,0.05699309101319627,ok,2026-08-03T13:35:00Z,2026-08-27T11:40:00Z,6094,6094
GLW,6573886,0.058841824776861375,0.07029963544080158,-0.08419839119286388,-0.08387581585440883,25,0.07029963544080158,ok,2026-08-03T13:35:00Z,2026-08-27T11:40:00Z,6094,6094
GMT,3457139,0.05723273534510808,0.05526183040841298,-0.050716934300602964,-0.03513928096187351,25,0.05723273534510808,ok,2026-08-03T13:35:00Z,2026-08-27T11:40:00Z,6094,6094
GMX,3214363,0.07696909354492834,0.06700278675767143,-0.010809413162907176,-0.1591527321726849,25,0.07696909354492834,ok,2026-08-03T13:35:00Z,2026-08-27T11:40:00Z,6094,6094
GOOGL,3929775,0.03010152469732232,0.02994394093704551,-0.006417517743288874,-0.0071124866319256215,25,0.03010152469732232,ok,2026-08-03T13:35:00Z,2026-08-27T11:40:00Z,6094,6094
GPS,11329314,0.2020766500926755,0.1670410662558006,-0.07585358207421743,-0.024247824140442006,25,0.2020766500926755,ok,2026-08-03T13:35:00Z,2026-08-27T11:40:00Z,6094,6094
GRAM,5078760,0.0597895925359446,0.05864023612446725,-0.01541352978896339,-0.11354360900447141,25,0.0597895925359446,ok,2026-08-03T13:35:00Z,2026-08-27T11:40:00Z,6094,6094
GRASS,6069390,0.06524416741817801,0.06378779395834841,-0.1154548688595485,0.008168421801229689,25,0.06524416741817801,ok,2026-08-03T13:35:00Z,2026-08-27T11:40:00Z,6094,6094
GRT,3517995,0.06945619106254104,0.0716014554854293,-0.055113029213705284,-0.11176570821947754,25,0.0716014554854293,ok,2026-08-03T13:35:00Z,2026-08-27T11:40:00Z,6094,6094
H,16600793,0.13616133758191068,0.14125261464866176,-0.07122295498244977,-0.0047835944295648485,25,0.14125261464866176,ok,2026-08-03T13:35:00Z,2026-08-27T11:40:00Z,6094,6094
HBAR,9193285,0.029502108065290134,0.029333847123167257,-0.019208689935640115,-0.009463643623256586,25,0.029502108065290134,ok,2026-08-03T13:35:00Z,2026-08-27T11:40:00Z,6094,6094
HIMS,2601089,0.08939358225768604,0.08641962553827906,-0.23143818888581502,-0.1654695369311563,25,0.08939358225768604,ok,2026-08-03T13:35:00Z,2026-08-27T11:40:00Z,6094,6094
HMSTR,3848330,0.24844853603152411,0.2272996183658897,-0.09894659586381889,-0.03170658660322597,25,0.24844853603152411,ok,2026-08-03T13:35:00Z,2026-08-27T11:40:00Z,6094,6094
HOME,14984743,0.4006642071298167,0.4148274014997165,0.32790975045822957,-0.37075232007106185,25,0.4148274014997165,ok,2026-08-03T13:35:00Z,2026-08-27T11:40:00Z,6094,6094
HOOD,5081276,0.03918725054578111,0.04028926697290703,-0.0528967678107303,-0.029301056402699914,25,0.04028926697290703,ok,2026-08-03T13:35:00Z,2026-08-27T11:40:00Z,6094,6094
HPE,2912251,0.11014801417097508,0.1166760103716786,-0.20152419040325836,-0.1636911238746924,25,0.1166760103716786,ok,2026-08-03T13:35:00Z,2026-08-27T11:40:00Z,6094,6094
HUMA,2760742,0.06715116064774806,0.068718815771347,-0.050928443282537705,-0.09228629708726162,25,0.068718815771347,ok,2026-08-03T13:35:00Z,2026-08-27T11:40:00Z,6094,6094
HYPE,28770975,0.024328321279445855,0.02428725973810455,-0.006973882244846717,-0.006977971632895477,25,0.024328321279445855,ok,2026-08-03T13:35:00Z,2026-08-27T11:40:00Z,6094,6094
HYUNDAI,1830891,0.10262606204716643,0.11159831697461037,-0.09208584985702235,-0.11378726609525777,25,0.11159831697461037,ok,2026-08-03T13:35:00Z,2026-08-27T11:40:00Z,6094,6094
IBM,2422051,0.04402915552905331,0.03829245173833268,-0.04623843344982677,-0.06747258716056746,25,0.04402915552905331,ok,2026-08-03T13:35:00Z,2026-08-27T11:40:00Z,6094,6094
ICP,6830361,0.04942418964377481,0.05002503623767982,-0.04959622954047344,-0.042250641958152,25,0.05002503623767982,ok,2026-08-03T13:35:00Z,2026-08-27T11:40:00Z,6094,6094
ICX,1825025,0.15809743879239976,0.13970260584427538,-0.03282094219005175,-0.17120906291612514,25,0.15809743879239976,ok,2026-08-03T13:35:00Z,2026-08-27T11:40:00Z,6094,6094
IMX,3125947,0.07876748535670988,0.07221787155156993,-0.14283112591277475,-0.05232841278374006,25,0.07876748535670988,ok,2026-08-03T13:35:00Z,2026-08-27T11:40:00Z,6094,6094
INIT,2488445,0.06838605318226794,0.0684093844104824,-0.1707691856991048,-0.056910679722995725,25,0.0684093844104824,ok,2026-08-03T13:35:00Z,2026-08-27T11:40:00Z,6094,6094
INJ,8925133,0.036799032954288526,0.03694108818271338,-0.020318346422312512,-0.027505885181921902,25,0.03694108818271338,ok,2026-08-03T13:35:00Z,2026-08-27T11:40:00Z,6094,6094
INTC,11064552,0.022651412618947,0.02226629150900613,0.00853016788063659,-0.038517641669807284,25,0.022651412618947,ok,2026-08-03T13:35:00Z,2026-08-27T11:40:00Z,6094,6094
IOST,2424007,0.07997560948557128,0.0775308145948236,0.039716018170252505,-0.2288223050955063,25,0.07997560948557128,ok,2026-08-03T13:35:00Z,2026-08-27T11:40:00Z,6094,6094
IOTA,3211466,0.045965595878895024,0.051068041839836716,0.010928775989072284,-0.13109611054225223,25,0.051068041839836716,ok,2026-08-03T13:35:00Z,2026-08-27T11:40:00Z,6094,6094
IREN,5022707,0.0664814744953779,0.06382250619469472,-0.12801332995698586,-0.04805206573466673,25,0.0664814744953779,ok,2026-08-03T13:35:00Z,2026-08-27T11:40:00Z,6094,6094
IRYS,4825357,0.10857866348799784,0.11307576454604193,-0.19966598894331672,0.019817654242414585,25,0.11307576454604193,ok,2026-08-03T13:35:00Z,2026-08-27T11:40:00Z,6094,6094
IWM,2282778,0.06370814665789333,0.05827883279588815,-0.1823168040529337,0.00589355846205082,25,0.06370814665789333,ok,2026-08-03T13:35:00Z,2026-08-27T11:40:00Z,6094,6094
JELLYJELLY,3205321,0.06052390387779864,0.06817287602723825,-0.025062780591013866,-0.14398173317321528,25,0.06817287602723825,ok,2026-08-03T13:35:00Z,2026-08-27T11:40:00Z,6094,6094
JTO,7264926,0.04173751384353985,0.04131051279347885,-0.01852392160916635,-0.035423207472600256,25,0.04173751384353985,ok,2026-08-03T13:35:00Z,2026-08-27T11:40:00Z,6094,6094
JUP,6481103,0.04714915154779297,0.046173542277143556,-0.02925776087447386,-0.0808892214206565,25,0.04714915154779297,ok,2026-08-03T13:35:00Z,2026-08-27T11:40:00Z,6094,6094
KAITO,15719809,0.4260598047809863,0.4277401580161928,0.268478282618734,-0.32377317187405397,25,0.4277401580161928,ok,2026-08-03T13:35:00Z,2026-08-27T11:40:00Z,6094,6094
KAT,2326754,0.08615436625556135,0.09279477938330959,0.045356367828516084,-0.17970223260598778,25,0.09279477938330959,ok,2026-08-03T13:35:00Z,2026-08-27T11:40:00Z,6094,6094
KGEN,3476481,0.11002841209969687,0.10524066503303568,0.01749467367755425,-0.25115238416321634,25,0.11002841209969687,ok,2026-08-03T13:35:00Z,2026-08-27T11:40:00Z,6094,6094
KITE,3693204,0.08277643215939251,0.08274959015556867,0.01844026312144598,-0.16645390338187968,25,0.08277643215939251,ok,2026-08-03T13:35:00Z,2026-08-27T11:40:00Z,6094,6094
KLAC,3992951,0.12070654893600409,0.12159214886449796,-0.19463684330786185,-0.2664779227252664,25,0.12159214886449796,ok,2026-08-03T13:35:00Z,2026-08-27T11:40:00Z,6094,6094
KMNO,3253798,0.17898498987160363,0.21018676178480306,0.03282625802437827,-0.1857804811039722,25,0.21018676178480306,ok,2026-08-03T13:35:00Z,2026-08-27T11:40:00Z,6094,6094
KORU,23862065,0.0445934365968039,0.04368167184761204,-0.061029182104946185,-0.04594899333256092,25,0.0445934365968039,ok,2026-08-03T13:35:00Z,2026-08-27T11:40:00Z,6094,6094
KSM,2744099,0.04849391943642005,0.048884258563936425,-0.07364512127909895,-0.035829819798759176,25,0.048884258563936425,ok,2026-08-03T13:35:00Z,2026-08-27T11:40:00Z,6094,6094
LA,6352374,0.1319905421487699,0.12093039258782312,0.01192867043499682,-0.09671152855671675,25,0.1319905421487699,ok,2026-08-03T13:35:00Z,2026-08-27T11:40:00Z,6094,6094
LAB,13868252,0.11220981402597717,0.11735576037400394,-0.04004143486189397,-0.12949852450320923,25,0.11735576037400394,ok,2026-08-03T13:35:00Z,2026-08-27T11:40:00Z,6094,6094
LDO,7411408,0.03847549613812846,0.039607850303235236,-0.040848248828515094,-0.030240057959193243,25,0.039607850303235236,ok,2026-08-03T13:35:00Z,2026-08-27T11:40:00Z,6094,6094
LIGHT,5074631,0.11076018152106815,0.11178220765696921,-0.10252711153635441,-0.08268843634153902,25,0.11178220765696921,ok,2026-08-03T13:35:00Z,2026-08-27T11:40:00Z,6094,6094
LINEA,2867776,0.05493004552695196,0.05288150100780608,-0.05318773406914663,-0.04728057361832011,25,0.05493004552695196,ok,2026-08-03T13:35:00Z,2026-08-27T11:40:00Z,6094,6094
LINK,18918680,0.018905547516908445,0.019414755318323425,-0.01901666767072971,-0.0014542558526884494,25,0.019414755318323425,ok,2026-08-03T13:35:00Z,2026-08-27T11:40:00Z,6094,6094
LIT,15848341,0.06796743483683514,0.06369999777887794,-0.025556413320691983,-0.022828345682082442,25,0.06796743483683514,ok,2026-08-03T13:35:00Z,2026-08-27T11:40:00Z,6094,6094
LITE,17744696,0.05032214449519876,0.04833331664326942,-0.0517018313411608,-0.0312184043999631,25,0.05032214449519876,ok,2026-08-03T13:35:00Z,2026-08-27T11:40:00Z,6094,6094
LLY,3105793,0.09934251593006652,0.12766957542710686,-0.061382744980898477,-0.11883939260304627,25,0.12766957542710686,ok,2026-08-03T13:35:00Z,2026-08-27T11:40:00Z,6094,6094
LPT,3573773,0.06659865403520525,0.07189648378509027,-0.03434065271947138,-0.09679810490398776,25,0.07189648378509027,ok,2026-08-03T13:35:00Z,2026-08-27T11:40:00Z,6094,6094
LQTY,2037267,0.08386396182784413,0.08737024368381732,-0.014404091422851298,-0.21677595590334697,25,0.08737024368381732,ok,2026-08-03T13:35:00Z,2026-08-27T11:40:00Z,6094,6094
LRCX,2936628,0.12841984901002834,0.12093749487619236,-0.19495033786381571,-0.29146524048023925,25,0.12841984901002834,ok,2026-08-03T13:35:00Z,2026-08-27T11:40:00Z,6094,6094
LTC,12064499,0.026010532966715346,0.02719476460692233,-0.025593082110142207,-0.01628572915826242,25,0.02719476460692233,ok,2026-08-03T13:35:00Z,2026-08-27T11:40:00Z,6094,6094
MAGIC,2397743,0.06171044452818245,0.05852234315790095,-0.02228780049222154,-0.09448768650286823,25,0.06171044452818245,ok,2026-08-03T13:35:00Z,2026-08-27T11:40:00Z,6094,6094
MANA,4079001,0.04692758423904896,0.044151171887089176,-0.10047818157452251,0.020256128690891766,25,0.04692758423904896,ok,2026-08-03T13:35:00Z,2026-08-27T11:40:00Z,6094,6094
MASK,2582354,0.059634561004177224,0.05982042917489761,0.006962641429937125,-0.13282961436936586,25,0.05982042917489761,ok,2026-08-03T13:35:00Z,2026-08-27T11:40:00Z,6094,6094
ME,4697031,0.19117714903653912,0.14852534797319014,-0.07546497689215488,-0.035308795346202265,25,0.19117714903653912,ok,2026-08-03T13:35:00Z,2026-08-27T11:40:00Z,6094,6094
MEGA,3715964,0.06423089193172268,0.061744039278621356,-0.08980184787002173,-0.008210353366567797,25,0.06423089193172268,ok,2026-08-03T13:35:00Z,2026-08-27T11:40:00Z,6094,6094
MEME,3006836,0.052103760628526646,0.055932300516874,-0.01786731512243586,-0.12098317333104848,25,0.055932300516874,ok,2026-08-03T13:35:00Z,2026-08-27T11:40:00Z,6094,6094
MERL,2705874,0.07897546952247719,0.08263521243133923,-0.1280962075609631,-0.04046596291815937,25,0.08263521243133923,ok,2026-08-03T13:35:00Z,2026-08-27T11:40:00Z,6094,6094
MET,3442711,0.07925903590283206,0.08992027464175543,-0.01859510672916449,-0.11974495056478471,25,0.08992027464175543,ok,2026-08-03T13:35:00Z,2026-08-27T11:40:00Z,6094,6094
META,3907964,0.037749462424841694,0.034967238844092106,-0.04544754758612078,0.006373229489209588,25,0.037749462424841694,ok,2026-08-03T13:35:00Z,2026-08-27T11:40:00Z,6094,6094
METIS,2054238,0.07347606541656808,0.07478838454438301,0.03263030824787699,-0.2028526447704635,25,0.07478838454438301,ok,2026-08-03T13:35:00Z,2026-08-27T11:40:00Z,6094,6094
MEW,3501323,0.053566126331054724,0.05002599184027598,-0.1223838359130772,-0.005336464844407362,25,0.053566126331054724,ok,2026-08-03T13:35:00Z,2026-08-27T11:40:00Z,6094,6094
MINA,2847083,0.06547066529131039,0.08125621426445716,0.03370649224571328,-0.16325736247870284,25,0.08125621426445716,ok,2026-08-03T13:35:00Z,2026-08-27T11:40:00Z,6094,6094
MMT,7077419,0.07371729629076113,0.0690070665193728,-0.015089714520708912,-0.09519258639104557,25,0.07371729629076113,ok,2026-08-03T13:35:00Z,2026-08-27T11:40:00Z,6094,6094
MON,6937394,0.06255280797215018,0.06591052602224969,0.047619484299479126,-0.13986639363505754,25,0.06591052602224969,ok,2026-08-03T13:35:00Z,2026-08-27T11:40:00Z,6094,6094
MOODENG,5733934,0.05433093605097211,0.06062637133968609,-0.02166837417740875,-0.06873990412904588,25,0.06062637133968609,ok,2026-08-03T13:35:00Z,2026-08-27T11:40:00Z,6094,6094
MORPHO,6128198,0.11998933574780861,0.09912212837486838,-0.031721522152292125,-0.057296413532184606,25,0.11998933574780861,ok,2026-08-03T13:35:00Z,2026-08-27T11:40:00Z,6094,6094
MOVE,5602911,0.1656511687644763,0.1776951592953582,-0.004370145650025963,-0.17115561048276454,25,0.1776951592953582,ok,2026-08-03T13:35:00Z,2026-08-27T11:40:00Z,6094,6094
MRVL,10941672,0.03276028717293288,0.034130536654847,-0.036611902511179496,0.006898416807712682,25,0.034130536654847,ok,2026-08-03T13:35:00Z,2026-08-27T11:40:00Z,6094,6094
MSFT,4040239,0.02780595090000254,0.028616370084580022,-0.02398975450432993,0.005876593109636068,25,0.028616370084580022,ok,2026-08-03T13:35:00Z,2026-08-27T11:40:00Z,6094,6094
MSTR,11839410,0.026078691245730982,0.026465307642179883,-0.015087528237146867,-0.02101039389802704,25,0.026465307642179883,ok,2026-08-03T13:35:00Z,2026-08-27T11:40:00Z,6094,6094
MU,22677192,0.02845100361597262,0.028193338190694327,-3.5971534965359634e-05,-0.00969361486303672,25,0.02845100361597262,ok,2026-08-03T13:35:00Z,2026-08-27T11:40:00Z,6094,6094
MUBARAK,9184332,0.14078196202428467,0.13714598862476046,-0.0769100132136976,-0.04097929988286466,25,0.14078196202428467,ok,2026-08-03T13:35:00Z,2026-08-27T11:40:00Z,6094,6094
MUU,11910334,0.055897669683166694,0.05669798101170888,-0.045243305965012026,-0.05243097071297695,25,0.05669798101170888,ok,2026-08-03T13:35:00Z,2026-08-27T11:40:00Z,6094,6094
MVLL,9678585,0.07220679512597517,0.07012923926233673,-0.08181549834323174,-0.05055841279633511,25,0.07220679512597517,ok,2026-08-03T13:35:00Z,2026-08-27T11:40:00Z,6094,6094
NBIS,10417639,0.0410301565664039,0.04127594960074219,-0.05898295613734003,-0.013751949827235781,25,0.04127594960074219,ok,2026-08-03T13:35:00Z,2026-08-27T11:40:00Z,6094,6094
NEAR,16496418,0.04017595603029782,0.03563823333184757,-0.05339015803589736,-0.0494148883444208,25,0.04017595603029782,ok,2026-08-03T13:35:00Z,2026-08-27T11:40:00Z,6094,6094
NEO,2198655,0.05564685415004437,0.055730555789426886,-0.04641246608139362,-0.10379709211199019,25,0.055730555789426886,ok,2026-08-03T13:35:00Z,2026-08-27T11:40:00Z,6094,6094
NFLX,2262464,0.05976304415206107,0.0564501094712343,-0.12652205290556606,-0.0695952232250785,25,0.05976304415206107,ok,2026-08-03T13:35:00Z,2026-08-27T11:40:00Z,6094,6094
NIGHT,2820215,0.07145505406667978,0.07491708208928369,-0.030742518711007118,-0.10426170893262993,25,0.07491708208928369,ok,2026-08-03T13:35:00Z,2026-08-27T11:40:00Z,6094,6094
NMR,2160619,0.05931307862138002,0.06105267511166092,-0.019122854549130684,-0.16934152077670322,25,0.06105267511166092,ok,2026-08-03T13:35:00Z,2026-08-27T11:40:00Z,6094,6094
NOT,3594290,0.05729015536710435,0.053809816904704856,-0.06278271413978229,-0.030519698702804233,25,0.05729015536710435,ok,2026-08-03T13:35:00Z,2026-08-27T11:40:00Z,6094,6094
NOW,2961397,0.0713809265460307,0.07464714431080709,-0.0744755940068081,-0.1550971603697202,25,0.07464714431080709,ok,2026-08-03T13:35:00Z,2026-08-27T11:40:00Z,6094,6094
NVDA,8220309,0.02098580310236821,0.02098141831372577,0.002133967582345638,-0.014003573274622651,25,0.02098580310236821,ok,2026-08-03T13:35:00Z,2026-08-27T11:40:00Z,6094,6094
O,3216332,0.1172843486028979,0.1154063558955363,-0.0657164513831318,-0.07564144787184827,25,0.1172843486028979,ok,2026-08-03T13:35:00Z,2026-08-27T11:40:00Z,6094,6094
OKB,5380772,0.04830980889589465,0.04859006958203091,0.016798068040862934,-0.06965383289633642,25,0.04859006958203091,ok,2026-08-03T13:35:00Z,2026-08-27T11:40:00Z,6094,6094
ONDO,14553246,0.10197527892165574,0.0940096523140025,-0.013439167243753844,-0.04319339776786743,25,0.10197527892165574,ok,2026-08-03T13:35:00Z,2026-08-27T11:40:00Z,6094,6094
ONDS,2035831,0.11653322294857939,0.12747657224004502,-0.21301946413169542,-0.17577035430818216,25,0.12747657224004502,ok,2026-08-03T13:35:00Z,2026-08-27T11:40:00Z,6094,6094
ONT,5334315,0.3574997918196745,0.3604609398064112,0.07633303134767598,-0.17350453687568362,25,0.3604609398064112,ok,2026-08-03T13:35:00Z,2026-08-27T11:40:00Z,6094,6094
OP,10217371,0.036233014046202064,0.03560050834843772,-0.04056336726285084,0.012556681560253512,25,0.036233014046202064,ok,2026-08-03T13:35:00Z,2026-08-27T11:40:00Z,6094,6094
OPG,4579908,0.09500347403041189,0.12148153051839376,-0.08933326539486174,-0.04706039033096902,25,0.12148153051839376,ok,2026-08-03T13:35:00Z,2026-08-27T11:40:00Z,6094,6094
OPN,4748627,0.11590409552159164,0.11169541270731113,-0.04182394016406002,-0.08708540767164769,25,0.11590409552159164,ok,2026-08-03T13:35:00Z,2026-08-27T11:40:00Z,6094,6094
ORCL,5348422,0.04504947288192621,0.04512154229760806,-0.05004731148024756,-0.02253523062596853,25,0.04512154229760806,ok,2026-08-03T13:35:00Z,2026-08-27T11:40:00Z,6094,6094
ORDER,2059510,0.10831210476992716,0.11028508835828701,-0.31075268453284083,0.13925010393118212,25,0.11028508835828701,ok,2026-08-03T13:35:00Z,2026-08-27T11:40:00Z,6094,6094
ORDI,8388500,0.05906919830583253,0.05984314207756921,-0.08213974130880744,0.014550255810901355,25,0.05984314207756921,ok,2026-08-03T13:35:00Z,2026-08-27T11:40:00Z,6094,6094
PARTI,2662496,0.13093868854012788,0.09536732861401913,-0.11563417777032191,-0.07532314981491503,25,0.13093868854012788,ok,2026-08-03T13:35:00Z,2026-08-27T11:40:00Z,6094,6094
PENDLE,6272383,0.07015116663559468,0.07206347685629863,-0.03155506227350804,-0.11864787509001118,25,0.07206347685629863,ok,2026-08-03T13:35:00Z,2026-08-27T11:40:00Z,6094,6094
PENGU,16162679,0.037852355792231916,0.03612824218063819,-0.01941719266096294,-0.008726846126168334,25,0.037852355792231916,ok,2026-08-03T13:35:00Z,2026-08-27T11:40:00Z,6094,6094
PEOPLE,8784435,0.062179185596036655,0.061089244937314026,-0.09504384484216562,-0.0017284817361244587,25,0.062179185596036655,ok,2026-08-03T13:35:00Z,2026-08-27T11:40:00Z,6094,6094
PIEVERSE,5903143,0.09854053143922177,0.09077776029691477,-0.04119872437316236,-0.052540065305900045,25,0.09854053143922177,ok,2026-08-03T13:35:00Z,2026-08-27T11:40:00Z,6094,6094
PIPPIN,5230271,0.1032988557351628,0.11480440391057853,-0.0037710022871158036,-0.12319431645547246,25,0.11480440391057853,ok,2026-08-03T13:35:00Z,2026-08-27T11:40:00Z,6094,6094
PLTR,5019027,0.05223214597252266,0.04521535373597938,-0.039440533799675534,-0.018683525638554993,25,0.05223214597252266,ok,2026-08-03T13:35:00Z,2026-08-27T11:40:00Z,6094,6094
PLUME,5140374,0.08921626968208071,0.08329344940841577,-0.10990088293600693,-0.038022997126552764,25,0.08921626968208071,ok,2026-08-03T13:35:00Z,2026-08-27T11:40:00Z,6094,6094
PNUT,6548478,0.047063556821558085,0.05473108750264241,-0.05211009482840769,-0.03621751770439558,25,0.05473108750264241,ok,2026-08-03T13:35:00Z,2026-08-27T11:40:00Z,6094,6094
POET,3264480,0.393524977201104,0.32502502398951466,-0.4869581995025254,-0.18403038561928184,25,0.393524977201104,ok,2026-08-03T13:35:00Z,2026-08-27T11:40:00Z,6094,6094
POL,8022841,0.0422788433835755,0.039807477847108835,-0.05629311652050901,0.021830810878410697,25,0.0422788433835755,ok,2026-08-03T13:35:00Z,2026-08-27T11:40:00Z,6094,6094
POPCAT,4911448,0.06304786388958983,0.05394057053444039,-0.1276234058751121,0.01924420487237174,25,0.06304786388958983,ok,2026-08-03T13:35:00Z,2026-08-27T11:40:00Z,6094,6094
PROVE,1798717,0.06369827016763369,0.06612782206896811,0.009493362487316918,-0.16780775064959366,25,0.06612782206896811,ok,2026-08-03T13:35:00Z,2026-08-27T11:40:00Z,6094,6094
PYTH,6193776,0.048868495480998385,0.04862736273922357,0.006501309038516155,-0.09847707463416519,25,0.048868495480998385,ok,2026-08-03T13:35:00Z,2026-08-27T11:40:00Z,6094,6094
QCOM,4524281,0.05437872523325058,0.0550388061632822,-0.11266043900535859,-0.017456443167446517,25,0.0550388061632822,ok,2026-08-03T13:35:00Z,2026-08-27T11:40:00Z,6094,6094
QQQ,5885575,0.02520282014996412,0.02538328174138851,-0.020732030077972856,0.015267534407176044,25,0.02538328174138851,ok,2026-08-03T13:35:00Z,2026-08-27T11:40:00Z,6094,6094
QTUM,3050008,0.061515418264436246,0.060049722963896074,-0.06512016305837796,-0.07296458301990431,25,0.061515418264436246,ok,2026-08-03T13:35:00Z,2026-08-27T11:40:00Z,6094,6094
RAVE,9331819,0.09601953290755641,0.09335191834157654,-0.21085851486765472,0.12358300066443131,25,0.09601953290755641,ok,2026-08-03T13:35:00Z,2026-08-27T11:40:00Z,6094,6094
RDW,3845752,0.22430830503871596,0.21599788340159584,-0.2120011994310414,-0.10128713785353405,25,0.22430830503871596,ok,2026-08-03T13:35:00Z,2026-08-27T11:40:00Z,6094,6094
RE,9657290,0.04296042780626082,0.04276461279273948,-0.00921518771424046,-0.032426762799222686,25,0.04296042780626082,ok,2026-08-03T13:35:00Z,2026-08-27T11:40:00Z,6094,6094
RECALL,2658982,0.1061541667324332,0.10256699520833451,-0.240571227679655,-0.017246852560941908,25,0.1061541667324332,ok,2026-08-03T13:35:00Z,2026-08-27T11:40:00Z,6094,6094
RENDER,5597316,0.07469047971887406,0.05828203038802901,-0.10737474782727564,-0.038280434203127,25,0.07469047971887406,ok,2026-08-03T13:35:00Z,2026-08-27T11:40:00Z,6094,6094
RESOLV,3423141,0.08282201209550205,0.0861719430671182,-0.12287419723896421,-0.01803561152014892,25,0.0861719430671182,ok,2026-08-03T13:35:00Z,2026-08-27T11:40:00Z,6094,6094
RIVER,6024841,0.11196769973434816,0.11200136092864318,-0.09142740087957286,-0.008292167698190207,25,0.11200136092864318,ok,2026-08-03T13:35:00Z,2026-08-27T11:40:00Z,6094,6094
RKLB,6148025,0.04696444116770389,0.04408928818223768,-0.09177652240631946,-0.017229141298593056,25,0.04696444116770389,ok,2026-08-03T13:35:00Z,2026-08-27T11:40:00Z,6094,6094
ROBO,5284493,0.11307018059198043,0.11222351637934319,-0.10652095820050995,-0.08545674213434773,25,0.11307018059198043,ok,2026-08-03T13:35:00Z,2026-08-27T11:40:00Z,6094,6094
RSR,3504505,0.07990462951602542,0.07793246248040213,0.043479460032139365,-0.20800295090248222,25,0.07990462951602542,ok,2026-08-03T13:35:00Z,2026-08-27T11:40:00Z,6094,6094
RVN,2901227,0.3633820221525446,0.37298809453378995,-0.09616523943342845,-0.023511241330257723,25,0.37298809453378995,ok,2026-08-03T13:35:00Z,2026-08-27T11:40:00Z,6094,6094
S,3761669,0.053745075497515546,0.051081336590461913,-0.08544668438700115,-0.038481057444972745,25,0.053745075497515546,ok,2026-08-03T13:35:00Z,2026-08-27T11:40:00Z,6094,6094
SAHARA,5166575,0.05920967853971294,0.06361646632976803,0.044873636733928676,-0.11558115766167225,25,0.06361646632976803,ok,2026-08-03T13:35:00Z,2026-08-27T11:40:00Z,6094,6094
SAMSUNG,12047627,0.056624936643031094,0.05525375809969292,-0.006823237338380734,-0.020629592131613073,25,0.056624936643031094,ok,2026-08-03T13:35:00Z,2026-08-27T11:40:00Z,6094,6094
SAND,6105323,0.0830049330538429,0.08904776121917057,0.0010869658596008352,-0.06516410533236452,25,0.08904776121917057,ok,2026-08-03T13:35:00Z,2026-08-27T11:40:00Z,6094,6094
SAPIEN,1657558,0.07209820034806265,0.07715264696875457,-0.076241822542611,-0.12976878366631125,25,0.07715264696875457,ok,2026-08-03T13:35:00Z,2026-08-27T11:40:00Z,6094,6094
SEI,6342560,0.03579221728487304,0.034642879383670326,-0.004573173591489963,-0.049139699542739466,25,0.03579221728487304,ok,2026-08-03T13:35:00Z,2026-08-27T11:40:00Z,6094,6094
SENT,2489773,0.08245116734876881,0.0783694416927476,0.10201900794389422,-0.23138152725275335,25,0.08245116734876881,ok,2026-08-03T13:35:00Z,2026-08-27T11:40:00Z,6094,6094
SHAZ,3213249,0.15375200241384684,0.15519934163105475,-0.12114701811695504,-0.21802793803393183,25,0.15519934163105475,ok,2026-08-03T13:35:00Z,2026-08-27T11:40:00Z,6094,6094
SHELL,2118829,0.10153374969592938,0.10050245769393905,-0.14598323540121347,-0.09539943484016157,25,0.10153374969592938,ok,2026-08-03T13:35:00Z,2026-08-27T11:40:00Z,6094,6094
SIGN,2968371,0.12785497886993977,0.10314798383176256,-0.26917877686693165,0.099971833650402,25,0.12785497886993977,ok,2026-08-03T13:35:00Z,2026-08-27T11:40:00Z,6094,6094
SKHY,21351687,0.022555566051293992,0.023114257368684756,-0.010829749932170916,-0.007051215053905064,25,0.023114257368684756,ok,2026-08-03T13:35:00Z,2026-08-27T11:40:00Z,6094,6094
SKHYNIX,27619201,0.059499930135050484,0.059451793578535965,0.02401852731584208,-0.03130270585950853,25,0.059499930135050484,ok,2026-08-03T13:35:00Z,2026-08-27T11:40:00Z,6094,6094
SKY,3314448,0.04586367314836436,0.044016712998157605,-0.04037717415083164,-0.048173957385402096,25,0.04586367314836436,ok,2026-08-03T13:35:00Z,2026-08-27T11:40:00Z,6094,6094
SLX,8018167,0.09211547671481177,0.09270983222783569,-0.009357885851680677,-0.05203490308570392,25,0.09270983222783569,ok,2026-08-03T13:35:00Z,2026-08-27T11:40:00Z,6094,6094
SMCI,3284715,0.07102978793559159,0.08229240654889242,-0.16542523969009007,-0.04865474197723788,25,0.08229240654889242,ok,2026-08-03T13:35:00Z,2026-08-27T11:40:00Z,6094,6094
SMH,3367930,0.09716225134031863,0.10191351607079199,-0.17200399068456837,-0.08495273228025026,25,0.10191351607079199,ok,2026-08-03T13:35:00Z,2026-08-27T11:40:00Z,6094,6094
SNDK,33332075,0.030170886652945567,0.03200225993243304,-0.0016010632079167966,-0.00696870019363071,25,0.03200225993243304,ok,2026-08-03T13:35:00Z,2026-08-27T11:40:00Z,6094,6094
SNX,3113768,0.05810183062247882,0.05908467917518938,-0.11020109691104994,-0.011033145851892759,25,0.05908467917518938,ok,2026-08-03T13:35:00Z,2026-08-27T11:40:00Z,6094,6094
SNXX,19895751,0.08074497933567837,0.08314141218482862,-0.0797757794669866,-0.0815087690517109,25,0.08314141218482862,ok,2026-08-03T13:35:00Z,2026-08-27T11:40:00Z,6094,6094
SOL,35173288,0.016432970594782687,0.016131318567707383,-0.005461198935792155,-0.01873487416533579,25,0.016432970594782687,ok,2026-08-03T13:35:00Z,2026-08-27T11:40:00Z,6094,6094
SONY,921683,0.1364123672563345,0.14948290612092402,-0.22420668415353712,-0.17418174744787354,25,0.14948290612092402,ok,2026-08-03T13:35:00Z,2026-08-27T11:40:00Z,6094,6094
SOON,3466595,0.11294218646211594,0.116623206802127,-0.2040071977130435,0.06771215058220442,25,0.116623206802127,ok,2026-08-03T13:35:00Z,2026-08-27T11:40:00Z,6094,6094
SOPH,2351300,0.11256443302739882,0.10646757129117344,0.12027677557455653,-0.2649897658991636,25,0.11256443302739882,ok,2026-08-03T13:35:00Z,2026-08-27T11:40:00Z,6094,6094
SOXL,29235677,0.03580074849000776,0.03544876979620998,0.00481771727830172,-0.022425282811105316,25,0.03580074849000776,ok,2026-08-03T13:35:00Z,2026-08-27T11:40:00Z,6094,6094
SPACE,2388858,0.1128557365693378,0.10828200608188074,0.11389926853318665,-0.24865059789233898,25,0.1128557365693378,ok,2026-08-03T13:35:00Z,2026-08-27T11:40:00Z,6094,6094
SPCX,17235797,0.02965175903278075,0.029900159467997144,-0.02760400964554743,0.010433163214604121,25,0.029900159467997144,ok,2026-08-03T13:35:00Z,2026-08-27T11:40:00Z,6094,6094
SPK,4179315,0.08102765832551675,0.07557627261367324,-0.08983169885027639,-0.08374970931366402,25,0.08102765832551675,ok,2026-08-03T13:35:00Z,2026-08-27T11:40:00Z,6094,6094
SPX,6721120,0.07380577765427132,0.06880977272565628,-0.11516146486296772,0.0239433343153972,25,0.07380577765427132,ok,2026-08-03T13:35:00Z,2026-08-27T11:40:00Z,6094,6094
SPY,2959777,0.020251806280161308,0.021518677897324767,-0.0220209185629912,0.01208957812585891,25,0.021518677897324767,ok,2026-08-03T13:35:00Z,2026-08-27T11:40:00Z,6094,6094
SQQQ,3094392,0.059695090408837054,0.05660447434581025,-0.05019663691545232,-0.06057644253551631,25,0.059695090408837054,ok,2026-08-03T13:35:00Z,2026-08-27T11:40:00Z,6094,6094
SSV,2502252,0.0795316946353213,0.08884655873465684,-0.059132761985359085,-0.14492045603163786,25,0.08884655873465684,ok,2026-08-03T13:35:00Z,2026-08-27T11:40:00Z,6094,6094
STABLE,2482524,0.12614710556291409,0.14113760709028214,0.15331376883801262,-0.2845688875067288,25,0.14113760709028214,ok,2026-08-03T13:35:00Z,2026-08-27T11:40:00Z,6094,6094
STRK,5646636,0.07258756102968454,0.06921403608871485,-0.0905069328669194,-0.0036543521237572497,25,0.07258756102968454,ok,2026-08-03T13:35:00Z,2026-08-27T11:40:00Z,6094,6094
STX,7993645,0.0603304325555123,0.06401352850981232,-0.1035365243667646,-0.015761510167781302,25,0.06401352850981232,ok,2026-08-03T13:35:00Z,2026-08-27T11:40:00Z,6094,6094
SUI,19040728,0.0216165938995216,0.021262199935271037,-0.015142448157822683,-0.012354191206854014,25,0.0216165938995216,ok,2026-08-03T13:35:00Z,2026-08-27T11:40:00Z,6094,6094
SUSHI,3351391,0.06593666116190045,0.06657044317353521,-0.02801449786340503,-0.12008181713195154,25,0.06657044317353521,ok,2026-08-03T13:35:00Z,2026-08-27T11:40:00Z,6094,6094
SYRUP,3802447,0.0823798075227543,0.07838045908581383,-0.11575897299931186,-0.02149479857388236,25,0.0823798075227543,ok,2026-08-03T13:35:00Z,2026-08-27T11:40:00Z,6094,6094
TAO,14890859,0.03157484989415414,0.032104508991175236,0.028279567137251486,-0.0806553428840376,25,0.032104508991175236,ok,2026-08-03T13:35:00Z,2026-08-27T11:40:00Z,6094,6094
TER,2970328,0.15863785199763472,0.15826958725675888,-0.17431963731577543,-0.31218650862112374,25,0.15863785199763472,ok,2026-08-03T13:35:00Z,2026-08-27T11:40:00Z,6094,6094
THETA,2829502,0.08466785710213583,0.08179273522310018,-0.12348579097973146,-0.04383905539844451,25,0.08466785710213583,ok,2026-08-03T13:35:00Z,2026-08-27T11:40:00Z,6094,6094
TIA,7272407,0.038523101393547046,0.03948289842434989,-0.029893222306926637,-0.035292517265405485,25,0.03948289842434989,ok,2026-08-03T13:35:00Z,2026-08-27T11:40:00Z,6094,6094
TQQQ,7445132,0.03945952756561299,0.035518293016136564,-0.03773564352426216,-0.0033611099940294774,25,0.03945952756561299,ok,2026-08-03T13:35:00Z,2026-08-27T11:40:00Z,6094,6094
TRB,4752276,0.08175724919931245,0.08752330257431329,0.04958771322332551,-0.16812290227527973,25,0.08752330257431329,ok,2026-08-03T13:35:00Z,2026-08-27T11:40:00Z,6094,6094
TRIA,5923525,0.09336831301521101,0.09765101424317713,-0.07437305327206085,-0.08242451897549477,25,0.09765101424317713,ok,2026-08-03T13:35:00Z,2026-08-27T11:40:00Z,6094,6094
TRUMP,18005833,0.059290827743204357,0.056722654147118606,-0.05023671097477225,-0.055171916637897084,25,0.059290827743204357,ok,2026-08-03T13:35:00Z,2026-08-27T11:40:00Z,6094,6094
TRUST,2157746,0.12510957027006742,0.11476941568823154,-0.1409074187290048,-0.017625196633825755,25,0.12510957027006742,ok,2026-08-03T13:35:00Z,2026-08-27T11:40:00Z,6094,6094
TRUTH,3221088,0.08434442835543436,0.08264288167296065,-0.08144251664457115,-0.12476516733728253,25,0.08434442835543436,ok,2026-08-03T13:35:00Z,2026-08-27T11:40:00Z,6094,6094
TRX,5133073,0.026626181399886897,0.025009203103646845,-0.03590183171060835,0.0084803399805852,25,0.026626181399886897,ok,2026-08-03T13:35:00Z,2026-08-27T11:40:00Z,6094,6094
TSLA,6793119,0.02435789142414175,0.025902855493381966,-0.02016198006481934,0.006543797730166953,25,0.025902855493381966,ok,2026-08-03T13:35:00Z,2026-08-27T11:40:00Z,6094,6094
TSM,6053851,0.03446673567242351,0.03417548520756629,-0.05795023505064777,0.004241573047777556,25,0.03446673567242351,ok,2026-08-03T13:35:00Z,2026-08-27T11:40:00Z,6094,6094
TTWO,1610531,0.14645921266754028,0.14041890347271904,-0.1398077683380111,-0.17715301006275264,25,0.14645921266754028,ok,2026-08-03T13:35:00Z,2026-08-27T11:40:00Z,6094,6094
UB,12099780,0.08901810549295616,0.0917011021947089,-0.08830485151621473,-0.013316301861148723,25,0.0917011021947089,ok,2026-08-03T13:35:00Z,2026-08-27T11:40:00Z,6094,6094
UMA,2146223,0.06210231238294691,0.06624122514279959,-0.023471717807915106,-0.07255918514216021,25,0.06624122514279959,ok,2026-08-03T13:35:00Z,2026-08-27T11:40:00Z,6094,6094
UNI,16338636,0.02995182086906323,0.032823088460142626,-0.04425463957721974,-0.008136647288453635,25,0.032823088460142626,ok,2026-08-03T13:35:00Z,2026-08-27T11:40:00Z,6094,6094
USAR,2661384,0.08621863979129481,0.09171152806403592,-0.19186492465861804,-0.06900156612273807,25,0.09171152806403592,ok,2026-08-03T13:35:00Z,2026-08-27T11:40:00Z,6094,6094
USELESS,8266696,0.11896189487063034,0.11027299473514968,-0.06620225727757119,-0.06559659281451692,25,0.11896189487063034,ok,2026-08-03T13:35:00Z,2026-08-27T11:40:00Z,6094,6094
UVXY,1265586,0.08824985812048121,0.08810495215332517,-0.1429218963944082,-0.11510699251820238,25,0.08824985812048121,ok,2026-08-03T13:35:00Z,2026-08-27T11:40:00Z,6094,6094
VANA,4099962,0.09165307040159745,0.0917427621493902,-0.04768995657176352,-0.0981414729582288,25,0.0917427621493902,ok,2026-08-03T13:35:00Z,2026-08-27T11:40:00Z,6094,6094
VIRTUAL,9460525,0.08801884036489399,0.07272722989283716,-0.06317070212850623,0.018170159923008564,25,0.08801884036489399,ok,2026-08-03T13:35:00Z,2026-08-27T11:40:00Z,6094,6094
VRT,1657313,0.14948429714142167,0.17258583098207486,-0.23119479842629154,-0.24689588563889212,25,0.17258583098207486,ok,2026-08-03T13:35:00Z,2026-08-27T11:40:00Z,6094,6094
VVV,9582547,0.054108563786489754,0.052790685465743496,-0.05818985022785667,-0.004689630927547069,25,0.054108563786489754,ok,2026-08-03T13:35:00Z,2026-08-27T11:40:00Z,6094,6094
W,6196234,0.05243517020803496,0.04996355442765349,-0.10783978756161744,0.03484292695022135,25,0.05243517020803496,ok,2026-08-03T13:35:00Z,2026-08-27T11:40:00Z,6094,6094
WAL,3777636,0.3809672535912139,0.3760345714290453,0.2499599876677809,-0.40332029947692327,25,0.3809672535912139,ok,2026-08-03T13:35:00Z,2026-08-27T11:40:00Z,6094,6094
WCT,2425331,0.07459794614719742,0.06037619638000062,-0.00982141348707415,-0.11979657160809848,25,0.07459794614719742,ok,2026-08-03T13:35:00Z,2026-08-27T11:40:00Z,6094,6094
WDC,10233799,0.07096221919684846,0.06201427086353062,-0.10382513105580099,-0.03228772692968168,25,0.07096221919684846,ok,2026-08-03T13:35:00Z,2026-08-27T11:40:00Z,6094,6094
WET,2221089,0.09847720262526546,0.09630928866479224,0.024452921428398822,-0.217486919582692,25,0.09847720262526546,ok,2026-08-03T13:35:00Z,2026-08-27T11:40:00Z,6094,6094
WIF,10872198,0.059975198760155266,0.06090080112774322,-0.07728545042057525,-0.03628295895373394,25,0.06090080112774322,ok,2026-08-03T13:35:00Z,2026-08-27T11:40:00Z,6094,6094
WLD,20767070,0.03133818265241793,0.031808594321795884,-0.04169874928064107,-0.01552026362074815,25,0.031808594321795884,ok,2026-08-03T13:35:00Z,2026-08-27T11:40:00Z,6094,6094
WLFI,9584260,0.038254462865146076,0.03964080143256737,-0.020694790884865564,-0.02017212549569587,25,0.03964080143256737,ok,2026-08-03T13:35:00Z,2026-08-27T11:40:00Z,6094,6094
WOO,2094256,0.10073611876988856,0.08980376145268619,-0.0957764542316848,-0.1544128340694496,25,0.10073611876988856,ok,2026-08-03T13:35:00Z,2026-08-27T11:40:00Z,6094,6094
XAG,16117857,0.023762449120707217,0.023212722721588783,-0.006198269060209951,-0.024397936686608515,25,0.023762449120707217,ok,2026-08-03T13:35:00Z,2026-08-27T11:40:00Z,6094,6094
XAU,20112985,0.031215646202747176,0.031188729752809386,0.0059120691760135785,-0.008422593192638236,25,0.031215646202747176,ok,2026-08-03T13:35:00Z,2026-08-27T11:40:00Z,6094,6094
XBI,1072868,0.10988954618477334,0.10361962505081403,-0.19369028893981582,-0.20449942075729124,25,0.10988954618477334,ok,2026-08-03T13:35:00Z,2026-08-27T11:40:00Z,6094,6094
XLE,1017557,0.08858108398750711,0.08815264041840595,-0.12235750859231917,-0.18180357164743757,25,0.08858108398750711,ok,2026-08-03T13:35:00Z,2026-08-27T11:40:00Z,6094,6094
XLM,18304883,0.03572716026765673,0.031145792572304314,-0.038308362677703066,-0.016494824354023087,25,0.03572716026765673,ok,2026-08-03T13:35:00Z,2026-08-27T11:40:00Z,6094,6094
XPL,13899426,0.04595469080116681,0.04764333203263521,-0.051379893787857726,0.024863068586169334,25,0.04764333203263521,ok,2026-08-03T13:35:00Z,2026-08-27T11:40:00Z,6094,6094
XRP,37738938,0.017398219581614197,0.017719869841589308,-0.008797933017560766,-0.008104697592834775,25,0.017719869841589308,ok,2026-08-03T13:35:00Z,2026-08-27T11:40:00Z,6094,6094
XTZ,2878905,0.05478376323811583,0.054281467070841076,-0.03594022898630054,-0.0966860173138619,25,0.05478376323811583,ok,2026-08-03T13:35:00Z,2026-08-27T11:40:00Z,6094,6094
YB,2916094,0.14167604380427942,0.16044118550318698,-0.016021792238453642,-0.1860792701728004,25,0.16044118550318698,ok,2026-08-03T13:35:00Z,2026-08-27T11:40:00Z,6094,6094
YFI,2275065,0.05526865333144467,0.0543477382051674,-0.048471774485332464,-0.08568531326200655,25,0.05526865333144467,ok,2026-08-03T13:35:00Z,2026-08-27T11:40:00Z,6094,6094
YGG,2882957,0.06410793147232298,0.06485318030254571,0.022043286078015787,-0.1599183571379576,25,0.06485318030254571,ok,2026-08-03T13:35:00Z,2026-08-27T11:40:00Z,6094,6094
ZAMA,6418956,0.06979061520793875,0.06563503974560972,0.0003416426816479671,-0.06233600630180803,25,0.06979061520793875,ok,2026-08-03T13:35:00Z,2026-08-27T11:40:00Z,6094,6094
ZBT,8876450,0.18544143838965402,0.1895734035300633,0.06928031852159741,-0.1435565179348769,25,0.1895734035300633,ok,2026-08-03T13:35:00Z,2026-08-27T11:40:00Z,6094,6094
ZEC,30144709,0.04715484195598172,0.04732576667287172,0.021464048962790996,-0.025675285056002563,25,0.04732576667287172,ok,2026-08-03T13:35:00Z,2026-08-27T11:40:00Z,6094,6094
