base_coin,okx_symbol,bybit_symbol,status,in_plot_set,gecko_id,gecko_name,map_method,map_note,n_candidates,candidate_ids,market_cap_usd,median_rel_vol,mean_rel_vol,volume_cv,median_volume_usd,mean_volume_usd,n_hist_days,n_days_both,n_days_volume,n_days_mcap,hist_start,hist_end,ticker_volume_usd,ticker_mcap_usd,window_start,window_end,okx_tick_size,okx_lot_size,okx_min_size,bybit_tick_size,bybit_qty_step,bybit_min_order_qty,bybit_min_notional_value,paprika_id,paprika_name
0G,0G-USDT-SWAP,0GUSDT,ok,True,zero-gravity,0G,markets_max_mcap,,1,zero-gravity,40960185.911034614,0.0749882043294284,0.3252851955804902,2.5851461459874603,2629230.851785,11745482.846889,30,30,30,30,2026-08-05,2026-09-03,31637666.0,40964907.0,2026-08-05,2026-09-03,0.0001,1.0,1.0,0.0001,0.1,0.1,5,zero-gravity,0G
1INCH,1INCH-USDT-SWAP,1INCHUSDT,ok,True,1inch,1INCH,markets_max_mcap,,1,1inch,128854050.03921598,0.006154156248154603,0.007896854276770835,0.7407031609348211,769570.3118355,970192.2440057666,30,30,30,30,2026-08-05,2026-09-03,23838903.0,128608328.0,2026-08-05,2026-09-03,1e-05,1.0,1.0,1e-05,0.1,0.1,5,1inch,1INCH
2Z,2Z-USDT-SWAP,2ZUSDT,ok,True,doublezero,DoubleZero,markets_max_mcap,,1,doublezero,190103405.61754853,0.010953151572816445,0.022673377465917324,1.5667026607633427,2001668.82507,4041274.298453667,30,30,30,30,2026-08-05,2026-09-03,3505111.0,190083977.0,2026-08-05,2026-09-03,1e-05,1.0,1.0,1e-05,1.0,1.0,5,doublezero,DoubleZero
A,A-USDT-SWAP,AUSDT,ok,True,vaulta,Vaulta,markets_max_mcap,,1,vaulta,131971282.72074094,0.005292708581308891,0.0061586861238353404,0.5710308179037097,615007.1314,713845.267696,30,30,30,30,2026-08-05,2026-09-03,5289674.0,132020263.0,2026-08-05,2026-09-03,1e-05,1.0,1.0,1e-05,1.0,1.0,5,vaulta,Vaulta
AAVE,AAVE-USDT-SWAP,AAVEUSDT,ok,True,aave,Aave,markets_max_mcap,,1,aave,2076731240.0967832,0.03062681769335921,0.04252551358655445,0.9281735731072249,49539050.14040001,73077514.14919,30,30,30,30,2026-08-05,2026-09-03,292157180.0,2073337995.0,2026-08-05,2026-09-03,0.01,0.1,0.1,0.01,0.01,0.01,5,aave,Aave
ACH,ACH-USDT-SWAP,ACHUSDT,missing_market_cap,False,alchemy-pay,Alchemy Pay,unique_symbol_not_in_top_markets,in coins/list but not in cached /markets pages,1,alchemy-pay,,,,0.39867737615535703,618378.232605,615987.8792006668,30,0,30,0,2026-08-05,2026-09-03,,,2026-08-05,2026-09-03,1e-06,1.0,1.0,1e-06,10.0,10.0,5,alchemy-pay,Alchemy Pay
ACT,ACT-USDT-SWAP,ACTUSDT,ok,True,act-i-the-ai-prophecy,Act I The AI Prophecy,markets_max_mcap,close mcap runner-up achain cap=9086677 vs 10082101,3,"act-i-the-ai-prophecy,achain,acet-token",10105873.91342953,0.20794800959357668,0.45393032163078195,1.648718773184354,2032410.689117,4405570.551040233,30,30,30,30,2026-08-05,2026-09-03,6261026.0,10082101.0,2026-08-05,2026-09-03,1e-06,1.0,1.0,1e-06,1.0,1.0,5,act-i-the-ai-prophecy,Act I The AI Prophecy
ACU,ACU-USDT-SWAP,ACUUSDT,ok,True,acurast,Acurast,markets_max_mcap,,1,acurast,47148846.79725316,0.08214965328794085,0.2089623643522456,1.611253616700494,3258948.129905,7619562.487167668,30,30,30,30,2026-08-05,2026-09-03,2003637.0,47167156.0,2026-08-05,2026-09-03,1e-05,1.0,1.0,1e-05,1.0,1.0,5,acurast,Acurast
ADA,ADA-USDT-SWAP,ADAUSDT,ok,True,cardano,Cardano,markets_max_mcap,,3,"cardano,ada-the-dog,binance-peg-cardano",8339095479.002177,0.012628410389207147,0.016374743635399525,0.6164879868016244,94387112.0515,122059372.70706333,30,30,30,30,2026-08-05,2026-09-03,661950103.0,8302994700.0,2026-08-05,2026-09-03,0.0001,0.1,0.1,0.0001,1.0,1.0,5,cardano,Cardano
AERO,AERO-USDT-SWAP,AEROUSDT,ok,True,aerodrome-finance,Aerodrome Finance,markets_max_mcap,,1,aerodrome-finance,504470397.58912736,0.01277799014840198,0.015530247946877344,0.8326133260401485,6025038.0497,7099528.20544,30,30,30,30,2026-08-05,2026-09-03,35099605.0,503112513.0,2026-08-05,2026-09-03,0.0001,1.0,1.0,0.0001,1.0,1.0,5,aerodrome-finance,Aerodrome Finance
AEVO,AEVO-USDT-SWAP,AEVOUSDT,ok,True,aevo-exchange,Aevo,markets_max_mcap,,1,aevo-exchange,21434576.028890975,0.030868482542301824,0.04578410640692159,1.1504879787852582,642198.210572,914092.0580384,30,30,30,30,2026-08-05,2026-09-03,14602589.0,21360007.0,2026-08-05,2026-09-03,1e-05,1.0,1.0,1e-05,0.1,0.1,5,aevo-exchange,Aevo
AGLD,AGLD-USDT-SWAP,AGLDUSDT,ok,True,adventure-gold,Adventure Gold,markets_max_mcap,,2,"adventure-gold,spdr-gold-shares-astock",15516950.347797714,0.050311777008899064,0.07002800171486433,0.7162308422496045,781647.795445,1043389.3694142998,30,30,30,30,2026-08-05,2026-09-03,4422901.0,15484908.0,2026-08-05,2026-09-03,0.0001,1.0,1.0,1e-05,0.1,0.1,5,adventure-gold,Adventure Gold
AIXBT,AIXBT-USDT-SWAP,AIXBTUSDT,ok,True,aixbt,aixbt,markets_max_mcap,,1,aixbt,21162455.668814372,0.060783496149449195,0.08007029613780066,0.5893752263628076,1209359.4249,1549660.6495083333,30,30,30,30,2026-08-05,2026-09-03,3374182.0,21179455.0,2026-08-05,2026-09-03,1e-05,1.0,1.0,1e-06,10.0,10.0,5,aixbt,aixbt
ALGO,ALGO-USDT-SWAP,ALGOUSDT,ok,True,algorand,Algorand,markets_max_mcap,,2,"algorand,dear-algorithm",856620730.7782018,0.008358414960725957,0.009128125769369232,0.4306221377610242,6747711.6404025,7097625.786776434,30,30,30,30,2026-08-05,2026-09-03,35763280.0,855958775.0,2026-08-05,2026-09-03,1e-05,1.0,1.0,1e-05,0.1,0.1,5,algorand,Algorand
ALLO,ALLO-USDT-SWAP,ALLOUSDT,ok,True,allora,Allora,markets_max_mcap,,1,allora,62021601.983479105,0.22674391117209947,0.2970233128738145,1.1425374100321823,15769642.22085,20598795.362936668,30,30,30,30,2026-08-05,2026-09-03,5427958.0,62024548.0,2026-08-05,2026-09-03,1e-05,1.0,1.0,1e-05,1.0,1.0,5,allora,Allora
ANIME,ANIME-USDT-SWAP,ANIMEUSDT,ok,True,anime,Animecoin,markets_max_mcap,,4,"anime,a-new-internet-money-era,anime-bitcoin,animefication",15481974.06514622,0.03611853011578293,0.12273816831472846,2.6333951690284922,519303.511882,1796610.1381066,30,30,30,30,2026-08-05,2026-09-03,4446681.0,15485533.0,2026-08-05,2026-09-03,1e-06,1.0,1.0,1e-06,1.0,1.0,5,anime,Animecoin
APE,APE-USDT-SWAP,APEUSDT,ok,True,apecoin,ApeCoin,markets_max_mcap,,4,"apecoin,ape-3,ape-lol,apetos",142731814.41942573,0.01874922887336481,0.021346022409463,0.4923060015463467,2578924.1251335,2862686.350370033,30,30,30,30,2026-08-05,2026-09-03,27955621.0,142699931.0,2026-08-05,2026-09-03,1e-05,1.0,1.0,1e-05,0.1,0.1,5,apecoin,ApeCoin
API3,API3-USDT-SWAP,API3USDT,ok,True,api3,Api3,markets_max_mcap,,1,api3,33136201.338146195,0.02471977414960376,0.025777713901433682,0.5081744471390984,764770.599565,771037.0862483333,30,30,30,30,2026-08-05,2026-09-03,12219656.0,33071446.0,2026-08-05,2026-09-03,0.0001,1.0,1.0,0.0001,0.1,0.1,5,api3,Api3
APR,APR-USDT-SWAP,APRUSDT,ok,True,apriori,Capricorn,markets_max_mcap,,1,apriori,76438358.99953209,0.17982398504718788,0.6998473538739185,2.0319897223431327,10705461.353550002,84758463.30728833,30,30,30,30,2026-08-05,2026-09-03,14246656.0,73920770.0,2026-08-05,2026-09-03,0.0001,1.0,1.0,1e-05,1.0,1.0,5,apriori,Capricorn
APT,APT-USDT-SWAP,APTUSDT,ok,True,aptos,Aptos,markets_max_mcap,,1,aptos,529530862.16252786,0.040502378315118576,0.04291644959312172,0.5236799534523042,19235710.250823,21096734.845633466,30,30,30,30,2026-08-05,2026-09-03,123730864.0,528046325.0,2026-08-05,2026-09-03,0.0001,1.0,1.0,0.0001,0.01,0.01,5,aptos,Aptos
AR,AR-USDT-SWAP,ARUSDT,ok,True,arweave,Arweave,markets_max_mcap,,1,arweave,171526797.5805958,0.012937865174975844,0.02291892793658277,1.0333045559824778,1760592.3378950001,3120983.7538759997,30,30,30,30,2026-08-05,2026-09-03,40027813.0,170898585.0,2026-08-05,2026-09-03,0.001,1.0,1.0,0.0001,0.1,0.1,5,arweave,Arweave
ARB,ARB-USDT-SWAP,ARBUSDT,ok,True,arbitrum,Arbitrum,markets_max_mcap,,2,"arbitrum,arbitrage-loop",947576840.8925734,0.030246920107245258,0.08925884502811128,1.755696612042675,16927993.95277,57245917.48602213,30,30,30,30,2026-08-05,2026-09-03,457706511.0,954064027.0,2026-08-05,2026-09-03,1e-05,0.1,0.1,1e-05,0.1,0.1,5,arbitrum,Arbitrum
ARKM,ARKM-USDT-SWAP,ARKMUSDT,ok,True,arkham,Arkham,markets_max_mcap,,1,arkham,76821042.16207315,0.01586344356972439,0.018261778969687024,0.49289398744621815,1062758.986015,1273773.2655056666,30,30,30,30,2026-08-05,2026-09-03,6663375.0,76519174.0,2026-08-05,2026-09-03,1e-05,1.0,1.0,1e-05,1.0,1.0,5,arkham,Arkham
ARX,ARX-USDT-SWAP,ARXUSDT,ok,True,arcs,ARCS,markets_max_mcap,close mcap runner-up arcium cap=26922912 vs 42317549,4,"arcs,arcium,alpharadarx,auriax",42337798.32710998,0.05209522777568932,0.05940870274431236,0.618691752071736,2322604.0237499997,2641668.226376666,30,30,30,30,2026-08-05,2026-09-03,29487.0,42317549.0,2026-08-05,2026-09-03,0.0001,1.0,1.0,0.0001,1.0,1.0,5,arcs,ARCS
ASTER,ASTER-USDT-SWAP,ASTERUSDT,ok,True,aster-2,Aster,markets_max_mcap,,1,aster-2,1972788811.2872837,0.007966900902226305,0.012503912973264279,1.0657658191307242,14780610.4205,22315283.650229994,30,30,30,30,2026-08-05,2026-09-03,138734767.0,1966783933.0,2026-08-05,2026-09-03,0.0001,1.0,1.0,0.0001,1.0,1.0,5,aster-2,Aster
AT,AT-USDT-SWAP,ATUSDT,ok,True,apro,Apro,markets_max_mcap,,1,apro,33211009.24480069,0.018164137822516815,0.024512858174827932,0.8586625436736872,612923.7147049999,834639.6487109999,30,30,30,30,2026-08-05,2026-09-03,1916541.0,33188678.0,2026-08-05,2026-09-03,0.0001,1.0,1.0,1e-05,1.0,1.0,5,apro,Apro
ATH,ATH-USDT-SWAP,ATHUSDT,ok,True,aethir,Aethir,markets_max_mcap,,4,"aethir,ath,athenadao-token,high-af",97078038.8696123,0.015034624843442767,0.01928599128239759,0.970110009123846,1226442.0589299998,1714753.2777726664,30,30,30,30,2026-08-05,2026-09-03,7056802.0,96398814.0,2026-08-05,2026-09-03,1e-06,1.0,1.0,1e-06,10.0,10.0,5,aethir,Aethir
ATOM,ATOM-USDT-SWAP,ATOMUSDT,ok,True,cosmos,Cosmos Hub,markets_max_mcap,,1,cosmos,805262786.3451107,0.011128599084597346,0.01217365506285985,0.4360522231572133,8699305.843765,9423570.296959667,30,30,30,30,2026-08-05,2026-09-03,30634550.0,803816041.0,2026-08-05,2026-09-03,0.001,1.0,1.0,0.0001,0.1,0.1,5,cosmos,Cosmos Hub
AUCTION,AUCTION-USDT-SWAP,AUCTIONUSDT,ok,True,auction,Bounce,markets_max_mcap,,2,"auction,house-3",25726605.498663533,0.026747946828384828,0.19698861949319196,2.948400680528545,596192.3139500001,4663912.157043335,30,30,30,30,2026-08-05,2026-09-03,7994266.0,25793447.0,2026-08-05,2026-09-03,0.001,1.0,1.0,0.001,0.1,0.1,5,auction,Bounce
AVAX,AVAX-USDT-SWAP,AVAXUSDT,ok,True,avalanche-2,Avalanche,markets_max_mcap,,4,"avalanche-2,avalanche-wormhole,beam-bridged-avax-beam,binance-peg-avalanche",3248912207.416345,0.01293062050280851,0.015167828784663728,0.5426577515867052,38246167.1595,44951455.877723336,30,30,30,30,2026-08-05,2026-09-03,266935933.0,3247554709.0,2026-08-05,2026-09-03,0.001,0.1,0.1,0.001,0.1,0.1,5,avalanche-2,Avalanche
AVNT,AVNT-USDT-SWAP,AVNTUSDT,ok,True,avantis,Avantis,markets_max_mcap,,1,avantis,38050306.0,0.07624481532566388,0.15299476331570983,1.5017818896412343,2901138.5540549997,5821497.560560334,30,30,30,30,2026-08-05,2026-09-03,7132461.0,38050306.0,2026-08-05,2026-09-03,1e-05,1.0,1.0,1e-05,1.0,1.0,5,avantis,Avantis
AXS,AXS-USDT-SWAP,AXSUSDT,ok,True,axie-infinity,Axie Infinity,markets_max_mcap,,1,axie-infinity,167001789.0,0.02114630437794292,0.027173775111664623,0.5173763450846245,3531470.661855,4538069.057531667,30,30,30,30,2026-08-05,2026-09-03,25737664.0,167001789.0,2026-08-05,2026-09-03,0.0001,1.0,1.0,0.0001,0.1,0.1,5,axie-infinity,Axie Infinity
AZTEC,AZTEC-USDT-SWAP,AZTECUSDT,ok,True,aztec,Aztec,markets_max_mcap,,1,aztec,42689687.0,0.01002740002181323,0.014619814547777466,0.9465442715617177,428066.568355,624115.3070426665,30,30,30,30,2026-08-05,2026-09-03,3196564.0,42689687.0,2026-08-05,2026-09-03,1e-05,1.0,1.0,1e-06,10.0,10.0,5,aztec,Aztec
BABY,BABY-USDT-SWAP,BABYUSDT,ok,True,babylon,Babylon,markets_max_mcap,,9,"babylon,a-fund-baby,baby,baby-2,baby-samo-coin,babyswap,dancing-baby,deer-seized-by-us-government,niche-baby",52834428.97290455,0.02771036437790768,0.03869587969726703,0.6465769393770896,1306852.7859200002,1924895.3265343332,30,30,30,30,2026-08-05,2026-09-03,5050796.0,52636104.0,2026-08-05,2026-09-03,1e-05,1.0,1.0,1e-06,10.0,10.0,5,babylon,Babylon
BAND,BAND-USDT-SWAP,BANDUSDT,ok,True,band-protocol,Band,markets_max_mcap,,1,band-protocol,33332136.431378286,0.012517102816636705,0.026169162212889185,2.8313627445749474,402064.9965,820782.7029390001,30,30,30,30,2026-08-05,2026-09-03,1927739.0,33332477.0,2026-08-05,2026-09-03,0.0001,1.0,1.0,0.0001,0.1,0.1,5,band-protocol,Band
BARD,BARD-USDT-SWAP,BARDUSDT,ok,True,lombard-protocol,Lombard,markets_max_mcap,,1,lombard-protocol,42823666.3189357,0.03779864044686851,0.046124952331127136,0.5540330640555382,1453248.431045,1851338.7141812334,30,30,30,30,2026-08-05,2026-09-03,3301402.0,42798000.0,2026-08-05,2026-09-03,0.0001,1.0,1.0,0.0001,0.1,0.1,5,lombard-protocol,Lombard
BASED,BASED-USDT-SWAP,BASEDUSDT,ok,True,based-one,Based,markets_max_mcap,,9,"based-one,based,based-2,basedchad,based-coin,based-meme,basedmilio,devbased,make-america-based-again",16453097.974759338,0.4351760401843859,0.5982976029708933,1.170108208171272,7862875.51353,10868650.446648,30,30,30,30,2026-08-05,2026-09-03,8246428.0,16462440.0,2026-08-05,2026-09-03,1e-05,1.0,1.0,1e-05,1.0,1.0,5,based-one,Based
BAT,BAT-USDT-SWAP,BATUSDT,ok,True,basic-attention-token,Basic Attention,markets_max_mcap,,3,"basic-attention-token,batic,bitbat-token",107834968.92402641,0.010475431399632577,0.01144477356383489,0.5331789358244963,984171.7635325,1120274.7559537666,30,30,30,30,2026-08-05,2026-09-03,16616431.0,108040547.0,2026-08-05,2026-09-03,1e-05,1.0,1.0,1e-05,0.1,0.1,5,basic-attention-token,Basic Attention
BCH,BCH-USDT-SWAP,BCHUSDT,ok,True,bitcoin-cash,Bitcoin Cash,markets_max_mcap,,2,"bitcoin-cash,binance-peg-bitcoin-cash",5203431961.690883,0.005697800090553913,0.010584067152962487,1.3075825700806225,26674866.752499998,49941862.073099986,30,30,30,30,2026-08-05,2026-09-03,163557132.0,5187622291.0,2026-08-05,2026-09-03,0.1,0.1,0.1,0.1,0.01,0.01,5,bitcoin-cash,Bitcoin Cash
BEAT,BEAT-USDT-SWAP,BEATUSDT,ok,True,audiera,Audiera,markets_max_mcap,,2,"audiera,beat-matchmaker",40666680.28119891,0.9097708840248743,1.2482951715918367,0.922648745674784,168920179.43809998,186939799.6272073,30,30,30,30,2026-08-05,2026-09-03,5453334.0,40772069.0,2026-08-05,2026-09-03,0.0001,0.1,0.1,0.0001,1.0,1.0,5,audiera,Audiera
BERA,BERA-USDT-SWAP,BERAUSDT,ok,True,berachain-bera,Berachain,markets_max_mcap,,1,berachain-bera,59340330.6249276,0.07253104456760967,0.08809797510504153,0.9552022575207294,3493972.07777,4583936.024997999,30,30,30,30,2026-08-05,2026-09-03,9999609.0,59360826.0,2026-08-05,2026-09-03,0.0001,1.0,1.0,0.0001,1.0,1.0,5,berachain-bera,Berachain
BICO,BICO-USDT-SWAP,BICOUSDT,ok,True,biconomy,Biconomy,markets_max_mcap,,1,biconomy,22211496.0,1.9561392294363242,4.888432963197425,1.4888632284181451,43448778.670067996,108579409.20832776,30,30,30,30,2026-08-05,2026-09-03,14299203.0,22211496.0,2026-08-05,2026-09-03,1e-05,1.0,1.0,1e-05,0.1,0.1,5,biconomy,Biconomy
BIGTIME,BIGTIME-USDT-SWAP,BIGTIMEUSDT,ok,True,big-time,Big Time,markets_max_mcap,,1,big-time,19130394.546458334,0.04322975328057094,0.06912319757507905,0.7480669131874416,1007020.3497899999,1212191.4816016,30,30,30,30,2026-08-05,2026-09-03,11233261.0,19100708.0,2026-08-05,2026-09-03,1e-06,1.0,1.0,1e-06,1.0,1.0,5,big-time,Big Time
BIO,BIO-USDT-SWAP,BIOUSDT,ok,True,bio-protocol,Bio Protocol,markets_max_mcap,,2,"bio-protocol,bio-unit-000",60045081.60897742,0.06008752126505418,0.10397122007916319,0.8858753065500329,3745818.09148,5868358.214883001,30,30,30,30,2026-08-05,2026-09-03,19721475.0,60374507.0,2026-08-05,2026-09-03,1e-05,1.0,1.0,1e-05,1.0,1.0,5,bio-protocol,Bio Protocol
BLEND,BLEND-USDT-SWAP,BLENDUSDT,ok,True,fluent-network,Fluent,markets_max_mcap,,1,fluent-network,12594867.0,0.06931880045894886,0.08057440594045177,0.7103138297343932,873061.07238,1014823.9264240001,30,30,30,30,2026-08-05,2026-09-03,6355888.0,12594867.0,2026-08-05,2026-09-03,1e-05,1.0,1.0,1e-05,1.0,1.0,5,fluent-network,Fluent
BLUR,BLUR-USDT-SWAP,BLURUSDT,ok,True,blur,Blur,markets_max_mcap,,1,blur,48277839.0,0.024375694751540142,0.03017326627359467,0.6402994368416052,1176805.8667279999,1456700.0912607335,30,30,30,30,2026-08-05,2026-09-03,10223170.0,48277839.0,2026-08-05,2026-09-03,1e-05,1.0,1.0,1e-06,1.0,1.0,5,blur,Blur
BNB,BNB-USDT-SWAP,BNBUSDT,ok,True,binancecoin,BNB,markets_max_mcap,,2,"binancecoin,anubis-bridged-bnb-anubis",96059566341.0,0.0006566378538300547,0.000817993625599601,0.6076242153150916,63076347.482,78576112.94479999,30,30,30,30,2026-08-05,2026-09-03,1124424433.0,96059566341.0,2026-08-05,2026-09-03,0.1,1.0,1.0,0.1,0.01,0.01,5,binancecoin,BNB
BOME,BOME-USDT-SWAP,BOMEUSDT,ok,True,book-of-meme,BOOK OF MEME,markets_max_mcap,,1,book-of-meme,63855300.0,0.1756214816981519,0.5258327139231044,1.956563706628549,11214362.400279999,33577205.69737401,30,30,30,30,2026-08-05,2026-09-03,47687638.0,63855300.0,2026-08-05,2026-09-03,1e-07,1.0,1.0,1e-07,100.0,100.0,5,book-of-meme,BOOK OF MEME
BOT,BOT-USDT-SWAP,BOTUSDT,unmatched_coingecko,False,,,unmatched,"4 coins/list hits, none in top markets; not guessing",4,"bot,hyperbot,robostrategy-backpack-securities,wasabot",,,,0.9644165663823099,610732.0798,910560.0324333333,30,0,30,0,2026-08-05,2026-09-03,,,2026-08-05,2026-09-03,0.01,0.1,0.1,0.01,0.01,0.01,5,,
BRETT,BRETT-USDT-SWAP,BRETTUSDT,ok,True,based-brett,Brett,markets_max_mcap,,5,"based-brett,brett,bretter-brett,brett-eth,brett-memecoin",51233667.0,0.014716284587242213,0.021867417552283868,0.7638719918396034,753969.22402,1120347.9890236668,30,30,30,30,2026-08-05,2026-09-03,3212441.0,51233667.0,2026-08-05,2026-09-03,1e-06,1.0,1.0,1e-06,10.0,10.0,5,based-brett,Brett
BREV,BREV-USDT-SWAP,BREVUSDT,ok,True,brevis,Brevis,markets_max_mcap,,1,brevis,19277843.0,0.018477831584425706,0.024767414211641834,0.7525060737550436,356212.736265,477462.322688,30,30,30,30,2026-08-05,2026-09-03,2966556.0,19277843.0,2026-08-05,2026-09-03,1e-05,1.0,1.0,1e-05,1.0,1.0,5,brevis,Brevis
BSB,BSB-USDT-SWAP,BSBUSDT,ok,True,block-street,Block Street,markets_max_mcap,,2,"block-street,based-street-bets",25569799.0,0.2688498897191175,0.3677472931373323,0.9104597547512846,6874437.64129,9403224.368315665,30,30,30,30,2026-08-05,2026-09-03,10927562.0,25569799.0,2026-08-05,2026-09-03,0.0001,1.0,1.0,0.0001,1.0,1.0,5,block-street,Block Street
BSP,BSP-USDT-SWAP,BSPUSDT,missing_market_cap,False,bespincoin,Bespincoin,unique_symbol_not_in_top_markets,in coins/list but not in cached /markets pages,1,bespincoin,,,,2.1651641527437198,929358.6629,2957139.8312233333,30,0,30,0,2026-08-05,2026-09-03,,,2026-08-05,2026-09-03,0.01,0.1,0.1,0.01,0.01,0.01,5,bespincoin,Bespincoin
BTC,BTC-USDT-SWAP,BTCUSDT,ok,True,bitcoin,Bitcoin,markets_max_mcap,,11,"bitcoin,batcat,big-tom-coin,bitcoin-ai-2,bitcoin-base,bitcoin-second-chance,bobby-the-cat,bobby-the-cat-2,mezo-wrapped-btc,near-intents-bridged-btc,osmosis-allbtc",1630227220823.0,0.005346244323258758,0.006188059296744643,0.5603381113244258,8715593024.946865,10087942709.619947,30,30,30,30,2026-08-05,2026-09-03,35149848370.0,1630227220823.0,2026-08-05,2026-09-03,0.1,0.01,0.01,0.1,0.001,0.001,5,bitcoin,Bitcoin
CAP,CAP-USDT-SWAP,CAPUSDT,ok,True,cap-4,Cap,markets_max_mcap,,7,"cap-4,based-brians,cap-2,cap-3,capcat,capminal,catwifcap-2",76572716.0,0.5660037383256721,0.9863359419008548,1.164806586610426,43340443.50975,75526421.95976666,30,30,30,30,2026-08-05,2026-09-03,57541653.0,76572716.0,2026-08-05,2026-09-03,1e-05,1.0,1.0,1e-05,10.0,10.0,5,cap-4,Cap
CBRS,CBRS-USDT-SWAP,CBRSUSDT,missing_market_cap,False,cerebras-systems-robinhood-tokenized-stock,Cerebras Systems • Robinhood Token,unique_symbol_not_in_top_markets,in coins/list but not in cached /markets pages,1,cerebras-systems-robinhood-tokenized-stock,,,,0.9432735489719398,7860915.4658,9744751.231256666,30,0,30,0,2026-08-05,2026-09-03,,,2026-08-05,2026-09-03,0.01,0.01,0.01,0.01,0.01,0.01,5,cerebras-systems-robinhood-tokenized-stock,Cerebras Systems • Robinhood Token
CELO,CELO-USDT-SWAP,CELOUSDT,ok,True,celo,Celo,markets_max_mcap,,1,celo,46884951.0,0.010273647773909373,0.015828374723622227,0.7940148343243751,481679.47247100004,742112.5733266666,30,30,30,30,2026-08-05,2026-09-03,16884357.0,46884951.0,2026-08-05,2026-09-03,1e-05,1.0,1.0,1e-05,0.1,0.1,5,celo,Celo
CFX,CFX-USDT-SWAP,CFXUSDT,ok,True,conflux-token,Conflux,markets_max_mcap,,4,"conflux-token,cf-industries-xstock,chain-fox-2,cosmic-force-token-v2",255619507.0,0.01026414020920164,0.013635503025473976,0.7234089281944877,2623714.460055,3485500.5610686666,30,30,30,30,2026-08-05,2026-09-03,4622949.0,255619507.0,2026-08-05,2026-09-03,1e-05,1.0,1.0,1e-05,1.0,1.0,5,conflux-token,Conflux
CHIP,CHIP-USDT-SWAP,CHIPUSDT,ok,True,chip-2,USD.AI,markets_max_mcap,,3,"chip-2,algo-casino-chips,chip-the-wooly-mouse",110339949.0,0.16358037450107937,0.22405102760584625,0.995549049417887,18049450.17985,24721778.959426664,30,30,30,30,2026-08-05,2026-09-03,94275737.0,110339949.0,2026-08-05,2026-09-03,1e-05,1.0,1.0,1e-05,10.0,10.0,5,chip-2,USD.AI
CHZ,CHZ-USDT-SWAP,CHZUSDT,ok,True,chiliz,Chiliz,markets_max_mcap,,1,chiliz,145542052.0,0.01707358578605172,0.020579365846626015,0.6686572855409948,2484924.7103,2995163.1341766664,30,30,30,30,2026-08-05,2026-09-03,22763801.0,145542052.0,2026-08-05,2026-09-03,1e-05,1.0,1.0,1e-05,1.0,1.0,5,chiliz,Chiliz
COAI,COAI-USDT-SWAP,COAIUSDT,ok,True,chainopera-ai,ChainOpera AI,markets_max_mcap,,1,chainopera-ai,59969717.0,0.019724529149353832,0.02792236979341868,0.8833510883565923,1182874.431045,1674496.6144806666,30,30,30,30,2026-08-05,2026-09-03,5228135.0,59969717.0,2026-08-05,2026-09-03,0.0001,1.0,1.0,0.0001,1.0,1.0,5,chainopera-ai,ChainOpera AI
COMP,COMP-USDT-SWAP,COMPUSDT,ok,True,compound-governance-token,Compound,override,,1,compound-governance-token,200963968.0,0.007061700936607701,0.013197584685348504,1.100930320245385,1419147.44105,2652238.9863836668,30,30,30,30,2026-08-05,2026-09-03,31614797.0,200963968.0,2026-08-05,2026-09-03,0.01,1.0,1.0,0.001,0.01,0.01,5,compound-governance-token,Compound
CORE,CORE-USDT-SWAP,COREUSDT,ok,True,coredaoorg,Core,markets_max_mcap,,4,"coredaoorg,core-2,cvault-finance,warpcore",32605527.0,0.07679774953991696,0.10269596691587289,0.7735823531692838,2504031.096163,3348456.1220666002,30,30,30,30,2026-08-05,2026-09-03,3317525.0,32605527.0,2026-08-05,2026-09-03,1e-05,1.0,1.0,1e-05,0.1,0.1,5,coredaoorg,Core
CRO,CRO-USDT-SWAP,CROUSDT,ok,True,crypto-com-chain,Cronos,markets_max_mcap,,2,"crypto-com-chain,cronos-zkevm-bridged-cro-cronos-zkevm",2797693235.0,0.0008085434753213748,0.0010549085267906435,0.8555485409115209,2262056.61111,2951310.448946001,30,30,30,30,2026-08-05,2026-09-03,7549361.0,2797693235.0,2026-08-05,2026-09-03,1e-05,1.0,1.0,1e-05,1.0,1.0,5,crypto-com-chain,Cronos
CRV,CRV-USDT-SWAP,CRVUSDT,ok,True,curve-dao-token,Curve DAO,markets_max_mcap,,2,"curve-dao-token,bridged-curve-dao-token-stargate",582219224.0,0.03277260106002615,0.052349696827212626,0.8369905301699746,19080838.35763,30478999.863374997,30,30,30,30,2026-08-05,2026-09-03,72686714.0,582219224.0,2026-08-05,2026-09-03,0.0001,1.0,1.0,0.0001,0.1,0.1,5,curve-dao-token,Curve DAO
DASH,DASH-USDT-SWAP,DASHUSDT,ok,True,dash,Dash,markets_max_mcap,,2,"dash,dash-2",591031819.0,0.017746695522157668,0.03092464709631254,1.1381352888595693,10488861.7357,18277450.42526667,30,30,30,30,2026-08-05,2026-09-03,98076514.0,591031819.0,2026-08-05,2026-09-03,0.01,1.0,1.0,0.01,0.01,0.01,5,dash,Dash
DATA,DATA-USDT-SWAP,DATAUSDT,missing_market_cap,False,streamr,Streamr,override,override id not in top markets pages,6,"story-2,data-ai,data-bot,data-center-coin,data-hedge,streamr",,,,0.6008010666029104,1407534.6501000002,1706750.1327133337,30,0,30,0,2026-08-05,2026-09-03,,,2026-08-05,2026-09-03,0.0001,1.0,1.0,0.0001,1.0,1.0,5,streamr,Streamr
DOGE,DOGE-USDT-SWAP,DOGEUSDT,ok,True,dogecoin,Dogecoin,markets_max_mcap,,7,"dogecoin,binance-peg-dogecoin,department-of-gov-efficiency,department-of-government-efficiency,department-of-government-efficiency-2,department-of-government-efficiency-4,doonlygoodeveryday",13896986978.0,0.02004811347070113,0.028264186139894773,0.8925296783286465,278608371.8358,392787026.7298857,30,30,30,30,2026-08-05,2026-09-03,981638257.0,13896986978.0,2026-08-05,2026-09-03,1e-05,0.01,0.01,1e-05,1.0,1.0,5,dogecoin,Dogecoin
DOOD,DOOD-USDT-SWAP,DOODUSDT,ok,True,doodles,Doodles,markets_max_mcap,,1,doodles,10769752.0,0.04733099229299802,0.055980098266156304,0.4546249136577307,509743.0489095,602891.7752621333,30,30,30,30,2026-08-05,2026-09-03,7414347.0,10769752.0,2026-08-05,2026-09-03,1e-06,1.0,1.0,1e-06,10.0,10.0,5,doodles,Doodles
DOT,DOT-USDT-SWAP,DOTUSDT,ok,True,polkadot,Polkadot,override,,5,"polkadot,binance-peg-polkadot,dot,pippin-s-friend,xcdot",1522617209.0,0.01187022684639183,0.014552702409150516,0.5616356258830071,18073811.67105,22158195.125628334,30,30,30,30,2026-08-05,2026-09-03,127742883.0,1522617209.0,2026-08-05,2026-09-03,0.0001,1.0,1.0,0.0001,0.1,0.1,5,polkadot,Polkadot
DYDX,DYDX-USDT-SWAP,DYDXUSDT,ok,True,dydx-chain,dYdX,markets_max_mcap,,2,"dydx-chain,dydx-wormhole",98102680.0,0.027155231599279447,0.033380262767371896,0.5286721072600029,2664000.99591,3274693.2365834,30,30,30,30,2026-08-05,2026-09-03,2482071.0,98102680.0,2026-08-05,2026-09-03,1e-05,1.0,1.0,1e-05,0.1,0.1,5,dydx-chain,dYdX
EDEN,EDEN-USDT-SWAP,EDENUSDT,ok,True,openeden,OpenEden,markets_max_mcap,,3,"openeden,eden,edenlayer",25982469.0,0.2770977221737473,0.8251739262564308,1.7015732556364145,7199682.97635,21440055.958566003,30,30,30,30,2026-08-05,2026-09-03,4614661.0,25982469.0,2026-08-05,2026-09-03,1e-05,1.0,1.0,1e-05,1.0,1.0,5,openeden,OpenEden
EDGE,EDGE-USDT-SWAP,EDGEUSDT,ok,True,edgex,edgeX,markets_max_mcap,,4,"edgex,definitive,edge,edge-2",220756362.0,0.011387127594990897,0.03868909692662296,2.420652157431166,2513780.8614999996,8540864.286586666,30,30,30,30,2026-08-05,2026-09-03,45615748.0,220756362.0,2026-08-05,2026-09-03,0.0001,1.0,1.0,0.0001,1.0,1.0,5,edgex,edgeX
EGLD,EGLD-USDT-SWAP,EGLDUSDT,ok,True,elrond-erd-2,MultiversX,markets_max_mcap,,1,elrond-erd-2,144332789.0,0.015621291117432781,0.03444936538271056,2.0685257633799417,2254664.5147599997,4972172.984966666,30,30,30,30,2026-08-05,2026-09-03,44501732.0,144332789.0,2026-08-05,2026-09-03,0.001,1.0,1.0,0.001,0.01,0.01,5,elrond-erd-2,MultiversX
EIGEN,EIGEN-USDT-SWAP,EIGENUSDT,ok,True,eigenlayer,EigenCloud (prev. EigenLayer),markets_max_mcap,,1,eigenlayer,192648787.0,0.019724543127800746,0.02462118507284796,0.6459514976600677,3799909.3077,4743241.438786668,30,30,30,30,2026-08-05,2026-09-03,22797947.0,192648787.0,2026-08-05,2026-09-03,0.0001,1.0,1.0,1e-05,1.0,1.0,5,eigenlayer,EigenCloud (prev. EigenLayer)
ENA,ENA-USDT-SWAP,ENAUSDT,ok,True,ethena,Ethena,markets_max_mcap,,1,ethena,1685299997.0,0.08159832388073932,0.1174213098699956,1.069537950807571,137517654.991415,197890133.17163965,30,30,30,30,2026-08-05,2026-09-03,809491587.0,1685299997.0,2026-08-05,2026-09-03,1e-05,1.0,1.0,1e-05,1.0,1.0,5,ethena,Ethena
ENJ,ENJ-USDT-SWAP,ENJUSDT,ok,True,enjincoin,Enjin Coin,markets_max_mcap,,1,enjincoin,52413896.0,0.011665256153034303,0.014924373903406899,0.8066760243089961,611421.5228185,782244.5816382833,30,30,30,30,2026-08-05,2026-09-03,2948070.0,52413896.0,2026-08-05,2026-09-03,1e-05,1.0,1.0,1e-06,0.1,0.1,5,enjincoin,Enjin Coin
ENS,ENS-USDT-SWAP,ENSUSDT,ok,True,ethereum-name-service,Ethereum Name Service,markets_max_mcap,,1,ethereum-name-service,244829871.0,0.008916846493580025,0.020697521812973553,1.4372153986565706,2183110.37675,5067371.59549,30,30,30,30,2026-08-05,2026-09-03,22111137.0,244829871.0,2026-08-05,2026-09-03,0.001,1.0,1.0,0.001,0.1,0.1,5,ethereum-name-service,Ethereum Name Service
ENSO,ENSO-USDT-SWAP,ENSOUSDT,ok,True,enso,Enso,markets_max_mcap,,1,enso,17953127.0,0.21153435882144656,0.28078136676180887,0.8586531647285162,3797703.2087850003,5040903.5367083335,30,30,30,30,2026-08-05,2026-09-03,43174610.0,17953127.0,2026-08-05,2026-09-03,0.0001,1.0,1.0,0.0001,0.1,0.1,5,enso,Enso
ESP,ESP-USDT-SWAP,ESPUSDT,ok,True,espresso,Espresso,markets_max_mcap,,2,"espresso,spain-coin",55299266.0,0.08824496558326832,0.13593009640007397,0.8392056341391833,4879881.82495,7516834.558233333,30,30,30,30,2026-08-05,2026-09-03,1631993.0,55299266.0,2026-08-05,2026-09-03,1e-05,1.0,1.0,1e-05,10.0,10.0,5,espresso,Espresso
ETC,ETC-USDT-SWAP,ETCUSDT,ok,True,ethereum-classic,Ethereum Classic,markets_max_mcap,,1,ethereum-classic,1205416801.0,0.008784179793467139,0.012653424870656,1.0877705644003066,10588597.90605,15252650.929280005,30,30,30,30,2026-08-05,2026-09-03,42536708.0,1205416801.0,2026-08-05,2026-09-03,0.001,0.01,0.01,0.001,0.1,0.1,5,ethereum-classic,Ethereum Classic
ETH,ETH-USDT-SWAP,ETHUSDT,ok,True,ethereum,Ethereum,markets_max_mcap,,14,"ethereum,anubis-bridged-eth-anubis,bifrost-bridged-eth-bifrost,bridged-binance-peg-ethereum-opbnb,bridged-wrapped-ether-eclipse,bridged-wrapped-ether-starkgate,ethereum-wormhole,immutable-zkevm-bridged-eth,krown-bridged-eth-krown,near-intents-bridged-eth,nova-eth,osmosis-alleth,the-infinite-garden,the-ticker-is-eth",306063942965.0,0.02492597048155279,0.027606188352768887,0.5961303274236065,7628940807.813246,8449258857.4829035,30,30,30,30,2026-08-05,2026-09-03,15389993657.0,306063942965.0,2026-08-05,2026-09-03,0.01,0.01,0.01,0.01,0.01,0.01,5,ethereum,Ethereum
ETHFI,ETHFI-USDT-SWAP,ETHFIUSDT,ok,True,ether-fi,Ether.fi,markets_max_mcap,,1,ether-fi,578270947.0,0.024159239353771303,0.02887994312870606,0.6372808549382456,13970586.219905,16700432.062343,30,30,30,30,2026-08-05,2026-09-03,61320958.0,578270947.0,2026-08-05,2026-09-03,0.0001,1.0,1.0,0.0001,0.1,0.1,5,ether-fi,Ether.fi
EWT,EWT-USDT-SWAP,EWTUSDT,ok,True,energy-web-token,Energy Web Token,markets_max_mcap,,2,"energy-web-token,ishares-msci-taiwan-etf-robinhood-token",22280133.0,0.01020489186711767,0.022934308782028668,1.1345386862584848,227366.34805,510979.4499266667,30,30,30,30,2026-08-05,2026-09-03,231589.0,22280133.0,2026-08-05,2026-09-03,0.01,0.01,0.01,0.01,0.01,0.01,5,energy-web-token,Energy Web Token
FARTCOIN,FARTCOIN-USDT-SWAP,FARTCOINUSDT,ok,True,fartcoin,Fartcoin,markets_max_mcap,,2,"fartcoin,based-fartcoin",174339453.0,0.14267376082108046,0.2288722563182261,0.7490713946711325,24873665.419,39901463.97339535,30,30,30,30,2026-08-05,2026-09-03,36830846.0,174339453.0,2026-08-05,2026-09-03,0.0001,1.0,1.0,1e-05,1.0,1.0,5,fartcoin,Fartcoin
FIL,FIL-USDT-SWAP,FILUSDT,ok,True,filecoin,Filecoin,markets_max_mcap,,2,"filecoin,binance-peg-filecoin",662219344.0,0.04685706658652061,0.06616153523216169,1.0416447312551405,31029655.89669,43813448.459474996,30,30,30,30,2026-08-05,2026-09-03,111173751.0,662219344.0,2026-08-05,2026-09-03,0.0001,1.0,1.0,0.0001,0.1,0.1,5,filecoin,Filecoin
FLOW,FLOW-USDT-SWAP,FLOWUSDT,ok,True,flow,Flow,markets_max_mcap,,6,"flow,flow-agent,flow-state,pulsechain-flow,robinflow,stake-flow",46932674.0,0.02095546400499149,0.02432617304234998,0.5356071040266971,983495.9606649999,1141692.3490642002,30,30,30,30,2026-08-05,2026-09-03,3939780.0,46932674.0,2026-08-05,2026-09-03,1e-05,1.0,1.0,1e-05,0.1,0.1,5,flow,Flow
FOGO,FOGO-USDT-SWAP,FOGOUSDT,ok,True,fogo,Fogo,markets_max_mcap,,1,fogo,26204263.0,0.039700780131652624,0.04648369713079382,0.7087926826306912,1040329.6838749999,1218071.0248276668,30,30,30,30,2026-08-05,2026-09-03,1279034.0,26204263.0,2026-08-05,2026-09-03,1e-06,1.0,1.0,1e-05,10.0,10.0,5,fogo,Fogo
GALA,GALA-USDT-SWAP,GALAUSDT,ok,True,gala,GALA,markets_max_mcap,,1,gala,90330530.0,0.06640851294365813,0.13265510874851946,1.356178891022686,5998716.170712499,11982806.280461403,30,30,30,30,2026-08-05,2026-09-03,29133967.0,90330530.0,2026-08-05,2026-09-03,1e-06,1.0,1.0,1e-06,1.0,1.0,5,gala,GALA
GAS,GAS-USDT-SWAP,GASUSDT,ok,True,gas,Gas,markets_max_mcap,,3,"gas,gas-2,gas-town",80845340.0,0.008289345664017246,0.02477529993231521,1.441222068072053,670154.9685849999,2002967.5466299995,30,30,30,30,2026-08-05,2026-09-03,1761184.0,80845340.0,2026-08-05,2026-09-03,0.0001,1.0,1.0,0.0001,0.1,0.1,5,gas,Gas
GIGGLE,GIGGLE-USDT-SWAP,GIGGLEUSDT,ok,True,giggle-fund,Giggle Fund,markets_max_mcap,,1,giggle-fund,38334097.0,0.4304404685812737,0.460800830995306,0.693030705296707,16500546.67532,17664383.753054664,30,30,30,30,2026-08-05,2026-09-03,10557534.0,38334097.0,2026-08-05,2026-09-03,0.01,1.0,1.0,0.01,0.001,0.001,5,giggle-fund,Giggle Fund
GLM,GLM-USDT-SWAP,GLMUSDT,ok,True,golem,Golem,markets_max_mcap,,1,golem,108295806.0,0.0036141950122703737,0.004542892123787941,0.5968723774041355,391402.161895,491976.16411666665,30,30,30,30,2026-08-05,2026-09-03,7461312.0,108295806.0,2026-08-05,2026-09-03,1e-05,1.0,1.0,1e-05,1.0,1.0,5,golem,Golem
GMT,GMT-USDT-SWAP,GMTUSDT,ok,True,stepn,GMT,markets_max_mcap,,1,stepn,23339479.0,0.06434873758548766,0.08443456912927377,0.8800688220058518,1501866.0095529999,1970658.8530667336,30,30,30,30,2026-08-05,2026-09-03,13525356.0,23339479.0,2026-08-05,2026-09-03,1e-06,1.0,1.0,1e-06,1.0,1.0,5,stepn,GMT
GMX,GMX-USDT-SWAP,GMXUSDT,ok,True,gmx,GMX,markets_max_mcap,,2,"gmx,general-motors-xstock",76894457.0,0.0061114867124297395,0.007722624948722463,0.7336500247629182,469939.45221499994,593827.0520466666,30,30,30,30,2026-08-05,2026-09-03,1727577.0,76894457.0,2026-08-05,2026-09-03,0.001,1.0,1.0,0.001,0.01,0.01,5,gmx,GMX
GPS,GPS-USDT-SWAP,GPSUSDT,ok,True,goplus-security,GoPlus Security,markets_max_mcap,,1,goplus-security,58387565.0,0.0997934911180146,0.5555150274211873,2.2727005105842535,5826698.94923,32435169.772031363,30,30,30,30,2026-08-05,2026-09-03,10908717.0,58387565.0,2026-08-05,2026-09-03,1e-06,1.0,1.0,1e-06,1.0,1.0,5,goplus-security,GoPlus Security
GRAM,GRAM-USDT-SWAP,GRAMUSDT,missing_market_cap,False,gram-2,,override,override id not in top markets pages,1,blockgram,,,,0.7641794779441148,10787875.222905,14090865.005552333,30,0,30,0,2026-08-05,2026-09-03,,,2026-08-05,2026-09-03,0.001,1.0,1.0,0.0001,0.1,0.1,5,gram-2,
GRASS,GRASS-USDT-SWAP,GRASSUSDT,ok,True,grass,Grass,markets_max_mcap,,2,"grass,grass-2",238427052.0,0.020744097230816744,0.038545713987650485,1.0263738026480467,4945953.949145,9190340.953310667,30,30,30,30,2026-08-05,2026-09-03,11881898.0,238427052.0,2026-08-05,2026-09-03,0.0001,1.0,1.0,1e-05,1.0,1.0,5,grass,Grass
GRT,GRT-USDT-SWAP,GRTUSDT,ok,True,the-graph,The Graph,markets_max_mcap,,1,the-graph,189171754.0,0.006209522382535504,0.006657489541082862,0.5406015830180491,1174666.2406065,1259408.9737232998,30,30,30,30,2026-08-05,2026-09-03,20991793.0,189171754.0,2026-08-05,2026-09-03,1e-05,1.0,1.0,1e-05,0.1,0.1,5,the-graph,The Graph
H,H-USDT-SWAP,HUSDT,ok,True,humanity,Humanity,markets_max_mcap,,3,"humanity,h,h-2",157279114.0,0.0596783739216003,0.1884704470559263,1.6042544236686445,9386161.77535,29642464.92814,30,30,30,30,2026-08-05,2026-09-03,6526942.0,157279114.0,2026-08-05,2026-09-03,1e-05,0.1,0.1,1e-05,10.0,10.0,5,humanity,Humanity
HBAR,HBAR-USDT-SWAP,HBARUSDT,ok,True,hedera-hashgraph,Hedera,markets_max_mcap,,1,hedera-hashgraph,3484745349.0,0.002899658509356978,0.004208328528463826,0.7620234839454939,10104571.50417,14664953.266628336,30,30,30,30,2026-08-05,2026-09-03,74899145.0,3484745349.0,2026-08-05,2026-09-03,1e-05,0.1,0.1,1e-05,1.0,1.0,5,hedera-hashgraph,Hedera
HMSTR,HMSTR-USDT-SWAP,HMSTRUSDT,ok,True,hamster-kombat,Hamster Kombat,markets_max_mcap,,1,hamster-kombat,11425186.0,0.14091089211930555,0.32794614893657453,1.1429297948419492,1609933.151889,3746845.7495840667,30,30,30,30,2026-08-05,2026-09-03,4577266.0,11425186.0,2026-08-05,2026-09-03,1e-07,1.0,1.0,1e-07,10.0,10.0,5,hamster-kombat,Hamster Kombat
HOME,HOME-USDT-SWAP,HOMEUSDT,ok,True,home,HOME,markets_max_mcap,,2,"home,hood-of-meme",26374116.0,0.7431211641736163,1.2075979678391877,1.0800900115623344,19599163.785970002,31849328.885155004,30,30,30,30,2026-08-05,2026-09-03,10682977.0,26374116.0,2026-08-05,2026-09-03,1e-05,1.0,1.0,1e-06,10.0,10.0,5,home,HOME
HUMA,HUMA-USDT-SWAP,HUMAUSDT,ok,True,huma-finance,Huma Finance,markets_max_mcap,,1,huma-finance,37865856.0,0.03270594734858232,0.0769742215693843,1.3162913363112718,1238438.692645,2914694.7896584,30,30,30,30,2026-08-05,2026-09-03,5767658.0,37865856.0,2026-08-05,2026-09-03,1e-05,1.0,1.0,1e-06,1.0,1.0,5,huma-finance,Huma Finance
HYPE,HYPE-USDT-SWAP,HYPEUSDT,ok,True,hyperliquid,Hyperliquid,override,,5,"hyperliquid,hype-3,hyperbolic-protocol,superrarebears-hype,wormhole-bridged-hype",18752905783.0,0.01883642431383936,0.03088266951798128,0.7702642937946583,353237690.44604003,579139791.798229,30,30,30,30,2026-08-05,2026-09-03,1418113836.0,18752905783.0,2026-08-05,2026-09-03,0.001,1.0,1.0,0.001,0.01,0.01,5,hyperliquid,Hyperliquid
ICP,ICP-USDT-SWAP,ICPUSDT,ok,True,internet-computer,Internet Computer,markets_max_mcap,,1,internet-computer,1408448650.0,0.0087844348302084,0.010424806350067739,0.5362908162394128,12372425.37762,14682804.430264335,30,30,30,30,2026-08-05,2026-09-03,44162850.0,1408448650.0,2026-08-05,2026-09-03,0.001,1.0,1.0,0.001,0.1,0.1,5,internet-computer,Internet Computer
ICX,ICX-USDT-SWAP,ICXUSDT,ok,True,icon,ICON,markets_max_mcap,,1,icon,10198890.0,0.0875209716130873,0.09342615149848006,0.7392220795028908,892616.762175,952843.0422563333,30,30,30,30,2026-08-05,2026-09-03,391285.0,10198890.0,2026-08-05,2026-09-03,1e-05,1.0,1.0,1e-05,1.0,1.0,5,icon,ICON
IMX,IMX-USDT-SWAP,IMXUSDT,ok,True,immutable-x,Immutable,markets_max_mcap,,1,immutable-x,112626660.0,0.008825678998795668,0.014054175008090744,0.8724910194332588,994006.7478664999,1582874.7902167335,30,30,30,30,2026-08-05,2026-09-03,14005840.0,112626660.0,2026-08-05,2026-09-03,0.0001,1.0,1.0,1e-05,0.1,0.1,5,immutable-x,Immutable
INIT,INIT-USDT-SWAP,INITUSDT,ok,True,initia,Initia,markets_max_mcap,,2,"initia,init",12854609.0,0.03605935478667613,0.041981325339287515,0.569974087251528,463528.90657500003,539653.5225383333,30,30,30,30,2026-08-05,2026-09-03,4055526.0,12854609.0,2026-08-05,2026-09-03,1e-05,1.0,1.0,1e-05,1.0,1.0,5,initia,Initia
INJ,INJ-USDT-SWAP,INJUSDT,ok,True,injective-protocol,Injective,markets_max_mcap,,1,injective-protocol,506183857.0,0.03357895507777918,0.0379166886494894,0.5217768607507419,16997124.995300002,19192815.705266666,30,30,30,30,2026-08-05,2026-09-03,59986871.0,506183857.0,2026-08-05,2026-09-03,0.001,1.0,1.0,0.001,0.1,0.1,5,injective-protocol,Injective
IOST,IOST-USDT-SWAP,IOSTUSDT,ok,True,iostoken,IOST,markets_max_mcap,,1,iostoken,21934705.0,0.01640556385306071,0.023857008097798286,0.7562951014745039,359851.20347555005,523296.4348078167,30,30,30,30,2026-08-05,2026-09-03,4494683.0,21934705.0,2026-08-05,2026-09-03,1e-07,1.0,1.0,1e-07,1.0,1.0,5,iostoken,IOST
IOTA,IOTA-USDT-SWAP,IOTAUSDT,ok,True,iota,IOTA,markets_max_mcap,,1,iota,188891970.0,0.006310975900481635,0.007940278960402959,0.6848033774718009,1192092.6704645,1499854.9351800669,30,30,30,30,2026-08-05,2026-09-03,14555538.0,188891970.0,2026-08-05,2026-09-03,1e-05,1.0,1.0,1e-05,0.1,0.1,5,iota,IOTA
IRYS,IRYS-USDT-SWAP,IRYSUSDT,ok,True,irys,Irys,markets_max_mcap,,1,irys,27605699.0,0.026333924081944092,0.031806323823920075,0.6179861345211761,726966.381695,878035.8017796666,30,30,30,30,2026-08-05,2026-09-03,1461230.0,27605699.0,2026-08-05,2026-09-03,1e-05,1.0,1.0,1e-06,10.0,10.0,5,irys,Irys
JELLYJELLY,JELLYJELLY-USDT-SWAP,JELLYJELLYUSDT,ok,True,jelly-my-jelly,Jelly-My-Jelly,markets_max_mcap,,1,jelly-my-jelly,56780790.0,0.012374387313561507,0.014424467060185908,0.6021302510358412,702627.48743,819032.6350063335,30,30,30,30,2026-08-05,2026-09-03,4072480.0,56780790.0,2026-08-05,2026-09-03,1e-05,1.0,1.0,1e-05,1.0,1.0,5,jelly-my-jelly,Jelly-My-Jelly
JTO,JTO-USDT-SWAP,JTOUSDT,ok,True,jito-governance-token,Jito,markets_max_mcap,,1,jito-governance-token,233929985.0,0.055485696971275394,0.05723129089274725,0.37943644079150973,12979768.260205,13388115.020071,30,30,30,30,2026-08-05,2026-09-03,39250935.0,233929985.0,2026-08-05,2026-09-03,0.0001,1.0,1.0,0.0001,0.1,0.1,5,jito-governance-token,Jito
JUP,JUP-USDT-SWAP,JUPUSDT,ok,True,jupiter-exchange-solana,Jupiter,markets_max_mcap,,2,"jupiter-exchange-solana,jupiter",787550736.0,0.007433504479532352,0.009954142578894964,0.6552486255928903,5854261.923915001,7839392.3142576665,30,30,30,30,2026-08-05,2026-09-03,73111776.0,787550736.0,2026-08-05,2026-09-03,0.0001,1.0,1.0,1e-05,1.0,1.0,5,jupiter-exchange-solana,Jupiter
KAITO,KAITO-USDT-SWAP,KAITOUSDT,ok,True,kaito,KAITO,markets_max_mcap,,1,kaito,73395227.0,0.5004410598484831,0.6136830036151623,0.9936564053773453,36729985.1877,45041403.356376655,30,30,30,30,2026-08-05,2026-09-03,12545472.0,73395227.0,2026-08-05,2026-09-03,0.0001,1.0,1.0,0.0001,1.0,1.0,5,kaito,KAITO
KAT,KAT-USDT-SWAP,KATUSDT,ok,True,katana-network-token,Katana,markets_max_mcap,,3,"katana-network-token,karat,nearkat",14463794.0,0.06560216759828023,0.07860375911142908,0.5434031228624517,948856.238095,1136908.5794133332,30,30,30,30,2026-08-05,2026-09-03,3084579.0,14463794.0,2026-08-05,2026-09-03,1e-06,1.0,1.0,1e-06,10.0,10.0,5,katana-network-token,Katana
KGEN,KGEN-USDT-SWAP,KGENUSDT,ok,True,kgen,KGeN,markets_max_mcap,,1,kgen,34042783.0,0.02992950771562948,0.08088734710458309,1.8472835037734319,1018883.73646,2753630.4049270004,30,30,30,30,2026-08-05,2026-09-03,2000155.0,34042783.0,2026-08-05,2026-09-03,0.0001,1.0,1.0,1e-05,1.0,1.0,5,kgen,KGeN
KITE,KITE-USDT-SWAP,KITEUSDT,ok,True,kite-2,Kite,markets_max_mcap,,2,"kite-2,kite",322373609.0,0.006103493759875362,0.008598601170690123,1.0449456388867493,1967605.31088,2771962.0917470003,30,30,30,30,2026-08-05,2026-09-03,16286031.0,322373609.0,2026-08-05,2026-09-03,1e-05,1.0,1.0,1e-05,1.0,1.0,5,kite-2,Kite
KMNO,KMNO-USDT-SWAP,KMNOUSDT,ok,True,kamino,Kamino,markets_max_mcap,,1,kamino,135620964.0,0.006724030437506697,0.018396480695958877,1.2880752882915778,911919.4899,2494948.446193333,30,30,30,30,2026-08-05,2026-09-03,5142285.0,135620964.0,2026-08-05,2026-09-03,1e-05,1.0,1.0,1e-05,10.0,10.0,5,kamino,Kamino
KSM,KSM-USDT-SWAP,KSMUSDT,ok,True,kusama,Kusama,markets_max_mcap,,1,kusama,68905844.0,0.015131070934418858,0.01757876686900461,0.617239844539077,1042619.2133599999,1211279.7675880003,30,30,30,30,2026-08-05,2026-09-03,14507202.0,68905844.0,2026-08-05,2026-09-03,0.001,1.0,1.0,0.001,0.01,0.01,5,kusama,Kusama
LA,LA-USDT-SWAP,LAUSDT,ok,True,lagrange,Lagrange,override,,2,"lagrange,latoken",12189314.0,0.5703740543279958,0.7498276041944008,1.0932423367936048,6952468.445657,9139884.113393268,30,30,30,30,2026-08-05,2026-09-03,16722541.0,12189314.0,2026-08-05,2026-09-03,1e-05,1.0,1.0,1e-05,0.1,0.1,5,lagrange,Lagrange
LAB,LAB-USDT-SWAP,LABUSDT,ok,True,lab,LAB,markets_max_mcap,,3,"lab,labs-on-gold,the-professor",55876381.0,0.2749128941282901,0.3051984322475358,0.6292639065976351,15361137.614125002,17053383.880866,30,30,30,30,2026-08-05,2026-09-03,8541881.0,55876381.0,2026-08-05,2026-09-03,0.0001,0.1,0.1,0.001,1.0,1.0,5,lab,LAB
LDO,LDO-USDT-SWAP,LDOUSDT,ok,True,lido-dao,Lido DAO,markets_max_mcap,,2,"lido-dao,linea-bridged-ldo-linea",330368613.0,0.02327206946920227,0.029353268390518484,0.5353448592914102,7688361.31218,9697398.565192332,30,30,30,30,2026-08-05,2026-09-03,46097156.0,330368613.0,2026-08-05,2026-09-03,0.0001,1.0,1.0,0.0001,0.1,0.1,5,lido-dao,Lido DAO
LIGHT,LIGHT-USDT-SWAP,LIGHTUSDT,ok,True,bitlight,Bitlight,markets_max_mcap,,5,"bitlight,arcturian-ai-by-virtuals,heaven,light-defi,lightning-protocol",7631601.0,0.4357709628451487,0.9375216774139967,1.6121927861808283,3325630.11582,7154791.370874333,30,30,30,30,2026-08-05,2026-09-03,2158293.0,7631601.0,2026-08-05,2026-09-03,0.0001,1.0,1.0,0.0001,1.0,1.0,5,bitlight,Bitlight
LINEA,LINEA-USDT-SWAP,LINEAUSDT,ok,True,linea,Linea,markets_max_mcap,,1,linea,64260818.0,0.018546694760016906,0.02184049783387445,0.5647195688788826,1191825.7764750002,1403488.256332,30,30,30,30,2026-08-05,2026-09-03,8529974.0,64260818.0,2026-08-05,2026-09-03,1e-06,1.0,1.0,1e-06,10.0,10.0,5,linea,Linea
LINK,LINK-USDT-SWAP,LINKUSDT,ok,True,chainlink,Chainlink,markets_max_mcap,,3,"chainlink,linea-bridged-link-linea,osmosis-alllink",8825214920.0,0.010117903057294611,0.011008804367153022,0.5456888619844527,89292669.02035001,97155064.55236001,30,30,30,30,2026-08-05,2026-09-03,438157137.0,8825214920.0,2026-08-05,2026-09-03,0.001,0.1,0.1,0.001,0.1,0.1,5,chainlink,Chainlink
LIT,LIT-USDT-SWAP,LITUSDT,ok,True,lighter,Lighter,override,,4,"lighter,litentry,lit,timeless",1074634536.0,0.05218961779985545,0.0640113020253731,0.7452817293407209,56084765.70836501,68788755.85079268,30,30,30,30,2026-08-05,2026-09-03,148394382.0,1074634536.0,2026-08-05,2026-09-03,0.0001,1.0,1.0,0.0001,0.1,0.1,5,lighter,Lighter
LPT,LPT-USDT-SWAP,LPTUSDT,ok,True,livepeer,Livepeer,markets_max_mcap,,1,livepeer,69734780.0,0.012507864948523535,0.01504376678518237,0.7287546191161046,872233.2104549999,1049073.7671359999,30,30,30,30,2026-08-05,2026-09-03,14159105.0,69734780.0,2026-08-05,2026-09-03,0.001,1.0,1.0,0.001,0.1,0.1,5,livepeer,Livepeer
LQTY,LQTY-USDT-SWAP,LQTYUSDT,ok,True,liquity,Liquity,markets_max_mcap,,1,liquity,22315523.0,0.01446691280997537,0.016054730270030716,0.5366660654990277,322836.72555,358269.7025996667,30,30,30,30,2026-08-05,2026-09-03,1499167.0,22315523.0,2026-08-05,2026-09-03,0.0001,1.0,1.0,0.0001,0.1,0.1,5,liquity,Liquity
LRC,LRC-USDT-SWAP,LRCUSDT,ok,True,loopring,Loopring,markets_max_mcap,,1,loopring,11583261.0,0.020293090687877102,0.028936393985445896,1.0373635608384677,235060.16593435,335177.80393224995,30,30,30,30,2026-08-05,2026-09-03,9934170.0,11583261.0,2026-08-05,2026-09-03,1e-05,1.0,1.0,1e-05,0.1,0.1,5,loopring,Loopring
LTC,LTC-USDT-SWAP,LTCUSDT,ok,True,litecoin,Litecoin,markets_max_mcap,,2,"litecoin,binance-peg-litecoin",3992484139.0,0.006523239670658589,0.010951329984189911,0.8194570259100755,26043930.92,43723011.26283334,30,30,30,30,2026-08-05,2026-09-03,270177082.0,3992484139.0,2026-08-05,2026-09-03,0.01,0.1,0.1,0.01,0.1,0.1,5,litecoin,Litecoin
MAGIC,MAGIC-USDT-SWAP,MAGICUSDT,ok,True,magic,Treasure,markets_max_mcap,,3,"magic,magic-carpet-ride,magic-token",15197993.0,0.045835124405571186,0.09580601085125735,1.4602115905537818,696601.8998700001,1456059.0822753333,30,30,30,30,2026-08-05,2026-09-03,3613161.0,15197993.0,2026-08-05,2026-09-03,1e-05,1.0,1.0,1e-05,1.0,1.0,5,magic,Treasure
MANA,MANA-USDT-SWAP,MANAUSDT,ok,True,decentraland,Decentraland,markets_max_mcap,,3,"decentraland,decentraland-wormhole,meme-anarchic-numismatic-asset",147441005.0,0.007132131300403846,0.009763818345594566,0.7572803664799282,1051568.6067235,1439587.1895119,30,30,30,30,2026-08-05,2026-09-03,19035532.0,147441005.0,2026-08-05,2026-09-03,1e-05,1.0,1.0,1e-05,0.1,0.1,5,decentraland,Decentraland
MASK,MASK-USDT-SWAP,MASKUSDT,ok,True,mask-network,Mask Network,markets_max_mcap,,2,"mask-network,catwifmask",44886085.0,0.017290005549715465,0.023068748053841924,0.7100091225466234,776080.658755,1035465.7859883333,30,30,30,30,2026-08-05,2026-09-03,18297769.0,44886085.0,2026-08-05,2026-09-03,0.0001,1.0,1.0,0.0001,0.1,0.1,5,mask-network,Mask Network
ME,ME-USDT-SWAP,MEUSDT,ok,True,magic-eden,Magic Eden,markets_max_mcap,,2,"magic-eden,literally-me",39250025.0,0.031650884531793294,0.045617403047310164,0.7749528998243475,1242298.009145,1790484.2100419998,30,30,30,30,2026-08-05,2026-09-03,2760167.0,39250025.0,2026-08-05,2026-09-03,1e-05,1.0,1.0,1e-05,1.0,1.0,5,magic-eden,Magic Eden
MEGA,MEGA-USDT-SWAP,MEGAUSDT,ok,True,megaeth,MegaETH,markets_max_mcap,,3,"megaeth,make-eth-great-again,make-europe-great-again",45006253.0,0.05654895578654371,0.07131707706804652,0.6394218055261324,2545056.6110150004,3209714.413745,30,30,30,30,2026-08-05,2026-09-03,8693201.0,45006253.0,2026-08-05,2026-09-03,1e-05,1.0,1.0,1e-05,1.0,1.0,5,megaeth,MegaETH
MEME,MEME-USDT-SWAP,MEMEUSDT,ok,True,memetoon,MEMETOON,markets_max_mcap,close mcap runner-up memecoin-2 cap=35573224 vs 51673755,5,"memetoon,memecoin-2,1-meme-can-change-your-life,most-elegant-monkey-ever,mpx6900",51673755.0,0.015790847407712097,0.020282449986691823,0.6657885887967492,815972.3801885,1048070.3514120667,30,30,30,30,2026-08-05,2026-09-03,378082.0,51673755.0,2026-08-05,2026-09-03,1e-07,1.0,1.0,1e-07,10.0,10.0,5,memetoon,MEMETOON
MERL,MERL-USDT-SWAP,MERLUSDT,ok,True,merlin-chain,Merlin Chain,markets_max_mcap,,1,merlin-chain,32384320.0,0.06986281886023853,0.10396030841944391,0.8067464643562122,2262459.882072,3366683.895153967,30,30,30,30,2026-08-05,2026-09-03,2882241.0,32384320.0,2026-08-05,2026-09-03,1e-05,1.0,1.0,1e-05,0.1,0.1,5,merlin-chain,Merlin Chain
MET,MET-USDT-SWAP,METUSDT,ok,True,meteora,Meteora,markets_max_mcap,,3,"meteora,metronome,metformin",111546604.0,0.019639519243414165,0.04008886706230368,1.3993328063684742,2190721.6757954997,4471776.979007433,30,30,30,30,2026-08-05,2026-09-03,6194566.0,111546604.0,2026-08-05,2026-09-03,0.0001,1.0,1.0,1e-05,0.1,0.1,5,meteora,Meteora
METIS,METIS-USDT-SWAP,METISUSDT,ok,True,metis-token,Metis,markets_max_mcap,,2,"metis-token,medusa-metis",22230652.0,0.013400928873341185,0.0171035040536223,0.5491128738952173,297911.38625999994,380222.0465966666,30,30,30,30,2026-08-05,2026-09-03,1767576.0,22230652.0,2026-08-05,2026-09-03,0.001,1.0,1.0,0.001,0.01,0.01,5,metis-token,Metis
MEW,MEW-USDT-SWAP,MEWUSDT,ok,True,cat-in-a-dogs-world,cat in a dogs world,markets_max_mcap,,1,cat-in-a-dogs-world,38393427.0,0.01843725830205259,0.03211216650420396,1.2484402838579554,707869.5307,1232896.1204909997,30,30,30,30,2026-08-05,2026-09-03,3390881.0,38393427.0,2026-08-05,2026-09-03,1e-07,1.0,1.0,1e-07,100.0,100.0,5,cat-in-a-dogs-world,cat in a dogs world
MINA,MINA-USDT-SWAP,MINAUSDT,ok,True,mina-protocol,Mina Protocol,markets_max_mcap,,1,mina-protocol,95989151.0,0.009431866143221748,0.015573611872045486,0.8924027890907674,905356.8234335,1494897.7816011666,30,30,30,30,2026-08-05,2026-09-03,9274297.0,95989151.0,2026-08-05,2026-09-03,1e-05,1.0,1.0,1e-05,0.1,0.1,5,mina-protocol,Mina Protocol
MMT,MMT-USDT-SWAP,MMTUSDT,ok,True,momentum-3,Momentum,override,,1,momentum-3,34107060.0,0.2525837746129394,0.701668014639237,1.6891460746451135,8614889.95575,23931833.075381335,30,30,30,30,2026-08-05,2026-09-03,4545327.0,34107060.0,2026-08-05,2026-09-03,0.0001,1.0,1.0,1e-05,1.0,1.0,5,momentum-3,Momentum
MON,MON-USDT-SWAP,MONUSDT,ok,True,monad,Monad,markets_max_mcap,,3,"monad,moneymon,mon-protocol",318789077.0,0.028904132538245655,0.050213968432042295,1.007150706139593,9214321.733353,16007664.6489579,30,30,30,30,2026-08-05,2026-09-03,29140513.0,318789077.0,2026-08-05,2026-09-03,1e-05,1.0,1.0,1e-06,1.0,1.0,5,monad,Monad
MOODENG,MOODENG-USDT-SWAP,MOODENGUSDT,ok,True,moo-deng,Moo Deng,markets_max_mcap,,2,"moo-deng,moo-deng-2",41637589.0,0.06257575913809514,0.10194333906787126,0.9438097546329532,2605503.740355,4244674.853395666,30,30,30,30,2026-08-05,2026-09-03,7311186.0,41637589.0,2026-08-05,2026-09-03,1e-05,1.0,1.0,1e-05,1.0,1.0,5,moo-deng,Moo Deng
MORPHO,MORPHO-USDT-SWAP,MORPHOUSDT,ok,True,morpho,Morpho,markets_max_mcap,,2,"morpho,morpho-2",1747639673.0,0.0028708104302402155,0.004144019126023812,0.9937980666267933,5017142.201549999,7242252.23031,30,30,30,30,2026-08-05,2026-09-03,42469758.0,1747639673.0,2026-08-05,2026-09-03,0.0001,1.0,1.0,0.0001,1.0,1.0,5,morpho,Morpho
MOVE,MOVE-USDT-SWAP,MOVEUSDT,ok,True,movement,Movement,markets_max_mcap,,2,"movement,moveapp",40789995.0,0.08453815090196751,0.1565849374077671,1.0392195671981632,3448310.7526005,6387098.8139381325,30,30,30,30,2026-08-05,2026-09-03,9813846.0,40789995.0,2026-08-05,2026-09-03,1e-05,1.0,1.0,1e-05,1.0,1.0,5,movement,Movement
MUBARAK,MUBARAK-USDT-SWAP,MUBARAKUSDT,ok,True,mubarak,Mubarak,markets_max_mcap,,2,"mubarak,mubarak-sol",30053535.0,0.20294694088414225,0.6533649586111305,1.589570544197129,6099272.991004501,19635926.651393168,30,30,30,30,2026-08-05,2026-09-03,65221679.0,30053535.0,2026-08-05,2026-09-03,1e-06,1.0,1.0,1e-06,1.0,1.0,5,mubarak,Mubarak
NEAR,NEAR-USDT-SWAP,NEARUSDT,ok,True,near,NEAR Protocol,markets_max_mcap,,3,"near,binance-peg-near-protocol,rainbow-bridged-near-ethereum",2597766479.0,0.026880437025685017,0.031182369365305444,0.61126680727216,69829098.24619499,81004513.872987,30,30,30,30,2026-08-05,2026-09-03,268034102.0,2597766479.0,2026-08-05,2026-09-03,0.001,0.1,0.1,0.0001,0.1,0.1,5,near,NEAR Protocol
NEO,NEO-USDT-SWAP,NEOUSDT,ok,True,neo,NEO,markets_max_mcap,,1,neo,148606339.0,0.004493903599462201,0.007622872170917285,0.9406424889517968,667822.561735,1132807.125985,30,30,30,30,2026-08-05,2026-09-03,3830744.0,148606339.0,2026-08-05,2026-09-03,0.001,1.0,1.0,0.001,0.01,0.01,5,neo,NEO
NIGHT,NIGHT-USDT-SWAP,NIGHTUSDT,ok,True,midnight-3,Midnight,markets_max_mcap,,2,"midnight-3,midnight",375979443.0,0.0034046799421690727,0.004282218787087606,0.6309469750676635,1280089.66825,1610026.2343733334,30,30,30,30,2026-08-05,2026-09-03,15777364.0,375979443.0,2026-08-05,2026-09-03,1e-06,1.0,1.0,1e-05,10.0,10.0,5,midnight-3,Midnight
NMR,NMR-USDT-SWAP,NMRUSDT,ok,True,numeraire,Numeraire,markets_max_mcap,,1,numeraire,62500790.0,0.004519072187727547,0.005722461261049662,0.5658226266750864,282445.5818,357658.34956,30,30,30,30,2026-08-05,2026-09-03,3989310.0,62500790.0,2026-08-05,2026-09-03,0.001,1.0,1.0,0.001,0.1,0.1,5,numeraire,Numeraire
NOT,NOT-USDT-SWAP,NOTUSDT,ok,True,notcoin,Notcoin,markets_max_mcap,,2,"notcoin,nothing-3",45512525.0,0.04512011840462598,0.08298419222882199,1.263588447031401,2053530.5168935,3776820.123419067,30,30,30,30,2026-08-05,2026-09-03,6300364.0,45512525.0,2026-08-05,2026-09-03,1e-07,1.0,1.0,1e-07,10.0,10.0,5,notcoin,Notcoin
OKB,OKB-USDT-SWAP,OKBUSDT,ok,True,okb,OKB,markets_max_mcap,,1,okb,2302972345.0,0.010107225893283577,0.01364303778102323,0.6858865012277253,23276661.7169,31419538.71148667,30,30,30,30,2026-08-05,2026-09-03,31328537.0,2302972345.0,2026-08-05,2026-09-03,0.01,1.0,1.0,0.01,0.01,0.01,5,okb,OKB
ONDO,ONDO-USDT-SWAP,ONDOUSDT,ok,True,ondo-finance,Ondo,markets_max_mcap,,1,ondo-finance,1784893304.0,0.023175447171406946,0.032263087224953066,0.7448271437868687,41365700.473450005,57586168.354186654,30,30,30,30,2026-08-05,2026-09-03,95735002.0,1784893304.0,2026-08-05,2026-09-03,0.0001,1.0,1.0,0.0001,1.0,1.0,5,ondo-finance,Ondo
ONT,ONT-USDT-SWAP,ONTUSDT,ok,True,ontology,Ontology,markets_max_mcap,,2,"ontology,binance-peg-ontology",55680318.0,0.06736920776826381,0.16008012090124318,1.7968069947036611,3751138.911945,8913312.037259666,30,30,30,30,2026-08-05,2026-09-03,5584274.0,55680318.0,2026-08-05,2026-09-03,1e-05,1.0,1.0,1e-05,1.0,1.0,5,ontology,Ontology
OP,OP-USDT-SWAP,OPUSDT,ok,True,optimism,Optimism,markets_max_mcap,,2,"optimism,one-path",239565139.0,0.0675580233909179,0.0821780755110655,0.6369807400007746,16184547.2642105,19687002.082560897,30,30,30,30,2026-08-05,2026-09-03,87088786.0,239565139.0,2026-08-05,2026-09-03,1e-05,1.0,1.0,1e-05,0.1,0.1,5,optimism,Optimism
OPG,OPG-USDT-SWAP,OPGUSDT,ok,True,opengradient,OpenGradient,markets_max_mcap,,1,opengradient,22318638.0,0.056658971676049406,0.09081562031779596,1.1551511961676069,1264551.07829,2026880.9546183338,30,30,30,30,2026-08-05,2026-09-03,7940900.0,22318638.0,2026-08-05,2026-09-03,0.0001,1.0,1.0,0.0001,1.0,1.0,5,opengradient,OpenGradient
OPN,OPN-USDT-SWAP,OPNUSDT,ok,True,opinion,Opinion,markets_max_mcap,,2,"opinion,open-ticketing-ecosystem",10240074.0,0.19307493097364334,0.31216247707025035,1.5073324807868138,1977101.580715,3196566.8652226673,30,30,30,30,2026-08-05,2026-09-03,2386796.0,10240074.0,2026-08-05,2026-09-03,1e-05,1.0,1.0,1e-05,1.0,1.0,5,opinion,Opinion
ORDER,ORDER-USDT-SWAP,ORDERUSDT,ok,True,orderly-network,Orderly,markets_max_mcap,,2,"orderly-network,order-3",14088341.0,0.03429416987493417,0.04401665062252539,0.6496949298322371,483147.95950999996,620121.5836479999,30,30,30,30,2026-08-05,2026-09-03,3232114.0,14088341.0,2026-08-05,2026-09-03,1e-05,1.0,1.0,1e-05,1.0,1.0,5,orderly-network,Orderly
ORDI,ORDI-USDT-SWAP,ORDIUSDT,ok,True,ordinals,ORDI,markets_max_mcap,,1,ordinals,89258009.0,0.10610130333923312,0.16413956072808358,0.9347622778390229,9470391.088365,14650770.388723332,30,30,30,30,2026-08-05,2026-09-03,19696010.0,89258009.0,2026-08-05,2026-09-03,0.001,1.0,1.0,0.001,0.01,0.01,5,ordinals,ORDI
PARTI,PARTI-USDT-SWAP,PARTIUSDT,ok,True,particle-network,Particle Network,markets_max_mcap,,1,particle-network,5884159.0,0.18456072442977833,0.23866512609465515,0.6257237356760268,1085984.6477,1404343.549696,30,30,30,30,2026-08-05,2026-09-03,12204502.0,5884159.0,2026-08-05,2026-09-03,1e-05,1.0,1.0,1e-05,1.0,1.0,5,particle-network,Particle Network
PENDLE,PENDLE-USDT-SWAP,PENDLEUSDT,ok,True,pendle,Pendle,markets_max_mcap,,1,pendle,333172929.0,0.010990445818903852,0.015306589837465457,0.8331214712033906,3661719.0245,5099741.369150002,30,30,30,30,2026-08-05,2026-09-03,49675270.0,333172929.0,2026-08-05,2026-09-03,0.001,1.0,1.0,0.0001,1.0,1.0,5,pendle,Pendle
PENGU,PENGU-USDT-SWAP,PENGUUSDT,ok,True,pudgy-penguins,Pudgy Penguins,markets_max_mcap,,1,pudgy-penguins,561379530.0,0.04769482302289327,0.0804804832043882,0.9367324237596308,26774897.332025,45180095.83545233,30,30,30,30,2026-08-05,2026-09-03,212885374.0,561379530.0,2026-08-05,2026-09-03,1e-06,1.0,1.0,1e-06,10.0,10.0,5,pudgy-penguins,Pudgy Penguins
PEOPLE,PEOPLE-USDT-SWAP,PEOPLEUSDT,ok,True,constitutiondao,ConstitutionDAO,markets_max_mcap,,2,"constitutiondao,constitutiondao-wormhole",43116927.0,0.16892337019537595,0.321075460853393,1.535597838738081,7283456.621308,13843787.2071071,30,30,30,30,2026-08-05,2026-09-03,11998792.0,43116927.0,2026-08-05,2026-09-03,1e-06,1.0,1.0,1e-06,1.0,1.0,5,constitutiondao,ConstitutionDAO
PIEVERSE,PIEVERSE-USDT-SWAP,PIEVERSEUSDT,ok,True,pieverse,Pieverse,markets_max_mcap,,1,pieverse,310587775.0,0.022609431812955293,0.02874865188994212,0.9081670091785268,7022213.1208,8928979.824746666,30,30,30,30,2026-08-05,2026-09-03,4808078.0,310587775.0,2026-08-05,2026-09-03,0.0001,1.0,1.0,0.0001,1.0,1.0,5,pieverse,Pieverse
PIPPIN,PIPPIN-USDT-SWAP,PIPPINUSDT,ok,True,pippin,pippin,markets_max_mcap,,1,pippin,20111296.0,0.17366449144202342,0.19805571942063477,0.5407333519384763,3492617.99208,3983157.197761333,30,30,30,30,2026-08-05,2026-09-03,4975065.0,20111296.0,2026-08-05,2026-09-03,1e-05,1.0,1.0,1e-05,1.0,1.0,5,pippin,pippin
PLUME,PLUME-USDT-SWAP,PLUMEUSDT,ok,True,plume,Plume,markets_max_mcap,,1,plume,93730773.0,0.0463156648016495,0.05676960334984186,0.4972173000772997,4341203.0638675,5321058.804884066,30,30,30,30,2026-08-05,2026-09-03,8664041.0,93730773.0,2026-08-05,2026-09-03,1e-06,1.0,1.0,1e-06,1.0,1.0,5,plume,Plume
PNUT,PNUT-USDT-SWAP,PNUTUSDT,ok,True,peanut-the-squirrel,Peanut the Squirrel,markets_max_mcap,,4,"peanut-the-squirrel,peanut-3,pnut,pnut-the-squirrel",50400979.0,0.06375615957717805,0.10312570759996546,1.1094291507911636,3213372.8599699996,5197636.623106,30,30,30,30,2026-08-05,2026-09-03,9083300.0,50400979.0,2026-08-05,2026-09-03,1e-05,1.0,1.0,1e-05,1.0,1.0,5,peanut-the-squirrel,Peanut the Squirrel
POL,POL-USDT-SWAP,POLUSDT,ok,True,polygon-ecosystem-token,POL (ex-MATIC),override,,4,"polygon-ecosystem-token,anubis-bridged-pol-anubis,katana-bridged-pol-katana,proof-of-liquidity",1011941290.0,0.010726994094143544,0.017408912216798668,1.088365689339178,10855088.24145,17616797.086163998,30,30,30,30,2026-08-05,2026-09-03,64291782.0,1011941290.0,2026-08-05,2026-09-03,1e-05,1.0,1.0,1e-05,1.0,1.0,5,polygon-ecosystem-token,POL (ex-MATIC)
POPCAT,POPCAT-USDT-SWAP,POPCATUSDT,ok,True,popcat,Popcat,markets_max_mcap,,1,popcat,53127369.0,0.03673079699965944,0.06504503884614225,1.0151699271444172,1951410.605865,3455671.7803983334,30,30,30,30,2026-08-05,2026-09-03,10067559.0,53127369.0,2026-08-05,2026-09-03,1e-05,1.0,1.0,1e-05,1.0,1.0,5,popcat,Popcat
PROVE,PROVE-USDT-SWAP,PROVEUSDT,ok,True,succinct,Succinct,markets_max_mcap,,1,succinct,35201517.0,0.03021887259432598,0.033404168538532016,0.4161764317010145,1063750.15735,1175877.4066799998,30,30,30,30,2026-08-05,2026-09-03,4365156.0,35201517.0,2026-08-05,2026-09-03,0.0001,1.0,1.0,0.0001,1.0,1.0,5,succinct,Succinct
PYTH,PYTH-USDT-SWAP,PYTHUSDT,ok,True,pyth-network,Pyth Network,markets_max_mcap,,1,pyth-network,441345036.0,0.008364346402890096,0.012244034012287689,0.8200672659613991,3691562.7643,5403843.631938334,30,30,30,30,2026-08-05,2026-09-03,62010002.0,441345036.0,2026-08-05,2026-09-03,1e-05,1.0,1.0,1e-05,1.0,1.0,5,pyth-network,Pyth Network
QTUM,QTUM-USDT-SWAP,QTUMUSDT,ok,True,qtum,Qtum,markets_max_mcap,,1,qtum,91950865.0,0.0066251772302522655,0.0085724942932692,0.8591425487116653,609190.7771000001,788248.2654736665,30,30,30,30,2026-08-05,2026-09-03,3114487.0,91950865.0,2026-08-05,2026-09-03,0.0001,1.0,1.0,0.0001,0.1,0.1,5,qtum,Qtum
RAVE,RAVE-USDT-SWAP,RAVEUSDT,ok,True,ravedao,RaveDAO,markets_max_mcap,,1,ravedao,68341650.0,0.0459461123400591,0.0821188331153745,1.1977702311553788,3140033.128405,5612136.551179334,30,30,30,30,2026-08-05,2026-09-03,1955615.0,68341650.0,2026-08-05,2026-09-03,0.0001,0.01,0.01,1e-05,1.0,1.0,5,ravedao,RaveDAO
RE,RE-USDT-SWAP,REUSDT,ok,True,re,RE,markets_max_mcap,,1,re,74921785.0,0.26713259052156857,0.3533002172765461,1.0217227133155926,20014050.51355,26469882.91924667,30,30,30,30,2026-08-05,2026-09-03,8146889.0,74921785.0,2026-08-05,2026-09-03,1e-05,1.0,1.0,0.0001,1.0,1.0,5,re,RE
RECALL,RECALL-USDT-SWAP,RECALLUSDT,ok,True,recall,Recall,markets_max_mcap,,1,recall,13565793.0,0.03137958113101092,0.05357220377034598,1.03451665694785,425688.90205000003,726749.4269023334,30,30,30,30,2026-08-05,2026-09-03,7166019.0,13565793.0,2026-08-05,2026-09-03,1e-05,1.0,1.0,1e-05,1.0,1.0,5,recall,Recall
RENDER,RENDER-USDT-SWAP,RENDERUSDT,ok,True,render-token,Render,override,,1,render-token,768417747.0,0.007741041315597049,0.008518085095816594,0.43731570766824396,5948353.527165,6545447.758081666,30,30,30,30,2026-08-05,2026-09-03,32397809.0,768417747.0,2026-08-05,2026-09-03,0.001,1.0,1.0,0.0001,0.1,0.1,5,render-token,Render
RESOLV,RESOLV-USDT-SWAP,RESOLVUSDT,ok,True,resolv,Resolv,markets_max_mcap,,1,resolv,8416720.0,0.2021327922094355,0.3557732180189749,1.4224815744138923,1701295.114845,2994443.559564667,30,30,30,30,2026-08-05,2026-09-03,2586555.0,8416720.0,2026-08-05,2026-09-03,1e-05,1.0,1.0,1e-05,1.0,1.0,5,resolv,Resolv
RIVER,RIVER-USDT-SWAP,RIVERUSDT,ok,True,river,River,markets_max_mcap,,1,river,25448933.0,0.3894174791886167,0.48079846824972977,1.0364830044954685,9910259.3369,12235808.004989998,30,30,30,30,2026-08-05,2026-09-03,2459823.0,25448933.0,2026-08-05,2026-09-03,0.001,1.0,1.0,0.001,0.1,0.1,5,river,River
RSR,RSR-USDT-SWAP,RSRUSDT,ok,True,reserve-rights-token,Reserve Rights,markets_max_mcap,,1,reserve-rights-token,87200613.0,0.00630810610099725,0.009013889526937918,0.7101766175614564,550070.718876,786016.6922632665,30,30,30,30,2026-08-05,2026-09-03,14118518.0,87200613.0,2026-08-05,2026-09-03,1e-06,1.0,1.0,1e-07,10.0,10.0,5,reserve-rights-token,Reserve Rights
RVN,RVN-USDT-SWAP,RVNUSDT,ok,True,ravencoin,Ravencoin,markets_max_mcap,,1,ravencoin,51150481.0,0.01934415619542268,0.031743168128845166,1.043520415218343,989462.893935,1623678.3182542997,30,30,30,30,2026-08-05,2026-09-03,1523879.0,51150481.0,2026-08-05,2026-09-03,1e-06,1.0,1.0,1e-06,1.0,1.0,5,ravencoin,Ravencoin
S,S-USDT-SWAP,SUSDT,ok,True,sonic-3,Sonic,override,,2,"sonic-3,agent-s",109557856.0,0.015089788366842447,0.019326711785451516,0.7782335920525206,1653204.860965,2117393.106744,30,30,30,30,2026-08-05,2026-09-03,15115779.0,109557856.0,2026-08-05,2026-09-03,1e-05,1.0,1.0,1e-05,1.0,1.0,5,sonic-3,Sonic
SAHARA,SAHARA-USDT-SWAP,SAHARAUSDT,ok,True,sahara-ai,Sahara AI,markets_max_mcap,,1,sahara-ai,33472861.0,0.07017781140263152,0.0757446642818969,0.42787350422207554,2349052.1263645003,2535390.6189996,30,30,30,30,2026-08-05,2026-09-03,12358117.0,33472861.0,2026-08-05,2026-09-03,1e-06,1.0,1.0,1e-06,1.0,1.0,5,sahara-ai,Sahara AI
SAND,SAND-USDT-SWAP,SANDUSDT,ok,True,the-sandbox,The Sandbox,markets_max_mcap,,2,"the-sandbox,the-sandbox-wormhole",118810003.0,0.042909014332235984,0.06028865683738768,0.8854892519626743,5098020.121540001,7162895.499716001,30,30,30,30,2026-08-05,2026-09-03,19222195.0,118810003.0,2026-08-05,2026-09-03,1e-05,1.0,1.0,1e-05,1.0,1.0,5,the-sandbox,The Sandbox
SAPIEN,SAPIEN-USDT-SWAP,SAPIENUSDT,ok,True,sapien-2,Sapien,markets_max_mcap,,1,sapien-2,15189734.0,0.01812057997131484,0.02319522269929151,0.640615459615922,275246.78969,352329.26287300006,30,30,30,30,2026-08-05,2026-09-03,1573709.0,15189734.0,2026-08-05,2026-09-03,1e-05,1.0,1.0,1e-05,1.0,1.0,5,sapien-2,Sapien
SEI,SEI-USDT-SWAP,SEIUSDT,ok,True,sei-network,Sei,markets_max_mcap,,2,"sei-network,layerzero-bridged-sei",332528552.0,0.015078327093157403,0.017184619108135013,0.5795617948067862,5013974.27487,5714376.508699669,30,30,30,30,2026-08-05,2026-09-03,57939628.0,332528552.0,2026-08-05,2026-09-03,1e-05,1.0,1.0,1e-05,1.0,1.0,5,sei-network,Sei
SENT,SENT-USDT-SWAP,SENTUSDT,ok,True,sentient,Sentient,markets_max_mcap,,2,"sentient,sentiient",95787395.0,0.011904073823283325,0.0114934556318327,0.42203007088553607,1140260.2214199998,1100928.1745213333,30,30,30,30,2026-08-05,2026-09-03,7735459.0,95787395.0,2026-08-05,2026-09-03,1e-05,1.0,1.0,1e-06,10.0,10.0,5,sentient,Sentient
SHAZ,SHAZ-USDT-SWAP,SHAZUSDT,unmatched_coingecko,False,,,unmatched,no CoinGecko coins/list symbol match,0,,,,,0.9704318372055739,1243341.24,1577888.1021599998,30,0,30,0,2026-08-05,2026-09-03,,,2026-08-05,2026-09-03,0.01,0.1,0.1,0.01,0.01,0.01,5,,
SHELL,SHELL-USDT-SWAP,SHELLUSDT,ok,True,myshell,MyShell,markets_max_mcap,,2,"myshell,stargate-bridged-shell-avalanche",6031543.0,0.056016007768658865,0.1288981392527031,1.6706489223434973,337862.959545,777454.6695226666,30,30,30,30,2026-08-05,2026-09-03,3986647.0,6031543.0,2026-08-05,2026-09-03,1e-05,1.0,1.0,1e-05,1.0,1.0,5,myshell,MyShell
SIGN,SIGN-USDT-SWAP,SIGNUSDT,ok,True,sign-global,Sign,markets_max_mcap,,1,sign-global,26718183.0,0.03691609619299337,0.041281497232278114,0.6167628175702352,986331.01373,1102966.597566,30,30,30,30,2026-08-05,2026-09-03,6331109.0,26718183.0,2026-08-05,2026-09-03,1e-06,1.0,1.0,1e-06,10.0,10.0,5,sign-global,Sign
SKY,SKY-USDT-SWAP,SKYUSDT,ok,True,sky,Sky,markets_max_mcap,,7,"sky,darkcrypto-share,skycastle,skycoin,skydrome,skynet-3,sky-super-cat",1609117154.0,0.001135176502070899,0.0013297975750434393,0.4642198763827148,1826631.9823,2139800.08935,30,30,30,30,2026-08-05,2026-09-03,9842142.0,1609117154.0,2026-08-05,2026-09-03,1e-05,1.0,1.0,1e-05,10.0,10.0,5,sky,Sky
SNX,SNX-USDT-SWAP,SNXUSDT,ok,True,havven,Synthetix,markets_max_mcap,,1,havven,125428524.0,0.009617285895830203,0.009912252448770479,0.5484902326153434,1206281.9748,1243279.1941646668,30,30,30,30,2026-08-05,2026-09-03,14642107.0,125428524.0,2026-08-05,2026-09-03,0.0001,1.0,1.0,0.0001,0.1,0.1,5,havven,Synthetix
SNXX,SNXX-USDT-SWAP,SNXXUSDT,missing_market_cap,False,td-synnex-xstock,TD Synnex xStock,unique_symbol_not_in_top_markets,in coins/list but not in cached /markets pages,1,td-synnex-xstock,,,,0.778290046199923,111905009.26635,135918693.14214668,30,0,30,0,2026-08-05,2026-09-03,,,2026-08-05,2026-09-03,0.01,0.1,0.1,0.01,0.01,0.01,5,td-synnex-xstock,TD Synnex xStock
SOL,SOL-USDT-SWAP,SOLUSDT,ok,True,solana,Solana,markets_max_mcap,,11,"solana,allbridge-bridged-sol-near-protocol,base-bridged-sol-base,binance-peg-sol,hyperlane-bridged-sol-eclipse,near-intents-bridged-sol,neonpass-bridged-sol-neon-evm,osmosis-allsol,sol-the-trophy-tomato,wormhole-bridged-sol,wormhole-bridged-wrapped-sol-sui",61497956823.0,0.01921966582461643,0.024846562070400074,0.5896746377800263,1181970179.03475,1528012801.405453,30,30,30,30,2026-08-05,2026-09-03,3992997479.0,61497956823.0,2026-08-05,2026-09-03,0.01,0.01,0.01,0.01,0.1,0.1,5,solana,Solana
SOON,SOON-USDT-SWAP,SOONUSDT,ok,True,soon-2,SOON,markets_max_mcap,,2,"soon-2,southern-ondo-tokenized-stock",65518718.0,0.03271431373901425,0.03740507887006174,0.6000689754608847,2143399.8964299997,2450732.814255334,30,30,30,30,2026-08-05,2026-09-03,5140770.0,65518718.0,2026-08-05,2026-09-03,0.0001,0.1,0.1,1e-05,1.0,1.0,5,soon-2,SOON
SOPH,SOPH-USDT-SWAP,SOPHUSDT,ok,True,sophon,Sophon,markets_max_mcap,,2,"sophon,sophiaverse",16220524.0,0.056192300399481546,0.09643592192362796,1.3930179837530636,911468.557245,1564241.1860243334,30,30,30,30,2026-08-05,2026-09-03,12703347.0,16220524.0,2026-08-05,2026-09-03,1e-06,1.0,1.0,1e-06,10.0,10.0,5,sophon,Sophon
SPACE,SPACE-USDT-SWAP,SPACEUSDT,ok,True,spacecoin-2,Spacecoin,markets_max_mcap,,5,"spacecoin-2,microvisionchain,space-4,spacelens,space-token-bsc",29802024.0,0.04407199396574542,0.05442508387319601,0.6320042984950711,1313434.6218949999,1621977.6557909998,30,30,30,30,2026-08-05,2026-09-03,737528.0,29802024.0,2026-08-05,2026-09-03,1e-06,1.0,1.0,1e-06,10.0,10.0,5,spacecoin-2,Spacecoin
SPK,SPK-USDT-SWAP,SPKUSDT,ok,True,spark-2,Spark,markets_max_mcap,,1,spark-2,65793815.0,0.026642887187800255,0.10000003596778308,2.1047543135594546,1752937.1907000002,6579383.866457668,30,30,30,30,2026-08-05,2026-09-03,38587850.0,65793815.0,2026-08-05,2026-09-03,1e-05,1.0,1.0,1e-06,10.0,10.0,5,spark-2,Spark
SPX,SPX-USDT-SWAP,SPXUSDT,ok,True,spx6900,SPX6900,markets_max_mcap,,2,"spx6900,shopinx",550507580.0,0.010239491180484745,0.013855324165757476,1.1183344989640605,5636917.510199999,7627460.976606667,30,30,30,30,2026-08-05,2026-09-03,13855065.0,550507580.0,2026-08-05,2026-09-03,0.0001,1.0,1.0,0.0001,1.0,1.0,5,spx6900,SPX6900
SSV,SSV-USDT-SWAP,SSVUSDT,ok,True,ssv-network,SSV Network,markets_max_mcap,,1,ssv-network,46059185.0,0.014592880095359917,0.026041272925244625,1.562387301275817,672136.1639950001,1199439.8072993339,30,30,30,30,2026-08-05,2026-09-03,7409437.0,46059185.0,2026-08-05,2026-09-03,0.001,1.0,1.0,0.001,0.01,0.01,5,ssv-network,SSV Network
STABLE,STABLE-USDT-SWAP,STABLEUSDT,ok,True,stable-2,​​Stable,markets_max_mcap,,5,"stable-2,stable-3,stablecoin,stable-coin-4,usdfi-stable",751622689.0,0.001820599159294405,0.0024331538069034177,0.9430968087563782,1368403.6357,1828813.6070953335,30,30,30,30,2026-08-05,2026-09-03,9967380.0,751622689.0,2026-08-05,2026-09-03,1e-05,1.0,1.0,1e-06,10.0,10.0,5,stable-2,​​Stable
STRK,STRK-USDT-SWAP,STRKUSDT,ok,True,starknet,Starknet,markets_max_mcap,,2,"starknet,strategy-strike-preferred-dinari-tokenized-stock",198624047.0,0.032594136018314034,0.03485049468898127,0.4520304590093935,6473979.204426,6922146.295077467,30,30,30,30,2026-08-05,2026-09-03,17099539.0,198624047.0,2026-08-05,2026-09-03,1e-05,1.0,1.0,1e-05,0.1,0.1,5,starknet,Starknet
STX,STX-USDT-SWAP,STXUSDT,ok,True,blockstack,Stacks,markets_max_mcap,,1,blockstack,518788130.0,0.012147656203843754,0.036317831646221356,1.4071195188184722,6302059.845875,18841259.965398,30,30,30,30,2026-08-05,2026-09-03,33388886.0,518788130.0,2026-08-05,2026-09-03,0.0001,0.1,0.1,0.0001,0.1,0.1,5,blockstack,Stacks
SUI,SUI-USDT-SWAP,SUIUSDT,ok,True,sui,Sui,markets_max_mcap,,1,sui,3219346554.0,0.03139137079249344,0.03882188467825325,0.7305411095565637,101059701.38615,124981100.65872002,30,30,30,30,2026-08-05,2026-09-03,680099905.0,3219346554.0,2026-08-05,2026-09-03,0.0001,1.0,1.0,0.0001,10.0,10.0,5,sui,Sui
SUSHI,SUSHI-USDT-SWAP,SUSHIUSDT,ok,True,sushi,Sushi,markets_max_mcap,,1,sushi,57953922.0,0.052773894276413255,0.059275463956555,0.6685209000749918,3058454.1525315,3435245.6146519994,30,30,30,30,2026-08-05,2026-09-03,18378032.0,57953922.0,2026-08-05,2026-09-03,0.0001,1.0,1.0,1e-05,0.1,0.1,5,sushi,Sushi
SYRUP,SYRUP-USDT-SWAP,SYRUPUSDT,ok,True,syrup,Maple Finance,markets_max_mcap,,1,syrup,245856491.0,0.005391443120816363,0.0072258897717612,0.8981566520077205,1325521.28711,1776531.9036380004,30,30,30,30,2026-08-05,2026-09-03,10069286.0,245856491.0,2026-08-05,2026-09-03,0.0001,1.0,1.0,1e-05,1.0,1.0,5,syrup,Maple Finance
TAO,TAO-USDT-SWAP,TAOUSDT,ok,True,bittensor,Bittensor,markets_max_mcap,,2,"bittensor,the-anthropic-order",2204905041.0,0.01769328644929385,0.023545860312896957,0.5909427358974106,39012016.483905,51916386.09858834,30,30,30,30,2026-08-05,2026-09-03,137675152.0,2204905041.0,2026-08-05,2026-09-03,0.1,1.0,1.0,0.01,0.001,0.001,5,bittensor,Bittensor
THETA,THETA-USDT-SWAP,THETAUSDT,ok,True,theta-token,Theta Network,markets_max_mcap,,1,theta-token,178797475.0,0.007655302787698763,0.008475232054254867,0.6464608367989418,1368748.808801,1515350.091339833,30,30,30,30,2026-08-05,2026-09-03,3788025.0,178797475.0,2026-08-05,2026-09-03,0.0001,0.1,0.1,1e-05,0.1,0.1,5,theta-token,Theta Network
TIA,TIA-USDT-SWAP,TIAUSDT,ok,True,celestia,Celestia,markets_max_mcap,,2,"celestia,tia",359836713.0,0.02298160566110718,0.027089200888719953,0.45359136139819356,8269625.440555001,9747689.005593665,30,30,30,30,2026-08-05,2026-09-03,41396049.0,359836713.0,2026-08-05,2026-09-03,0.0001,1.0,1.0,0.0001,0.1,0.1,5,celestia,Celestia
TRB,TRB-USDT-SWAP,TRBUSDT,ok,True,tellor,Tellor Tributes,markets_max_mcap,,1,tellor,50998069.0,0.04915565624651397,0.10404979283748307,1.6446607975276355,2506843.549,5306338.514561666,30,30,30,30,2026-08-05,2026-09-03,18761479.0,50998069.0,2026-08-05,2026-09-03,0.01,1.0,1.0,0.001,0.01,0.01,5,tellor,Tellor Tributes
TRIA,TRIA-USDT-SWAP,TRIAUSDT,ok,True,tria,TRIA,markets_max_mcap,,1,tria,8286771.0,0.26053489729835666,0.6269272014535779,1.926950350256029,2158993.03142,5195202.152116667,30,30,30,30,2026-08-05,2026-09-03,2308307.0,8286771.0,2026-08-05,2026-09-03,1e-06,1.0,1.0,1e-06,10.0,10.0,5,tria,TRIA
TRUMP,TRUMP-USDT-SWAP,TRUMPUSDT,ok,True,official-trump,Official Trump,markets_max_mcap,,4,"official-trump,bridged-maga-wormhole,maga,meme-trumpcoin",637350743.0,0.3071616687497923,0.5786409034286898,1.3123873946158304,195769717.7988,368797209.73046666,30,30,30,30,2026-08-05,2026-09-03,504419043.0,637350743.0,2026-08-05,2026-09-03,0.001,1.0,1.0,0.001,0.1,0.1,5,official-trump,Official Trump
TRUST,TRUST-USDT-SWAP,TRUSTUSDT,ok,True,trust-3,TRUST,markets_max_mcap,close mcap runner-up intuition cap=9730140 vs 18168890,5,"trust-3,intuition,trust-me-bros-by-virtuals,trustra,trust-the-process",18168890.0,0.01807791794187757,0.0430450089103407,1.970204109499944,328455.702515,782080.0319409999,30,30,30,30,2026-08-05,2026-09-03,5119.94,18168890.0,2026-08-05,2026-09-03,1e-05,1.0,1.0,1e-05,1.0,1.0,5,trust-3,TRUST
TRUTH,TRUTH-USDT-SWAP,TRUTHUSDT,ok,True,swarm-network,Swarm Network,markets_max_mcap,,4,"swarm-network,true-source,truthchain,truthgpt",25642491.0,0.013598576299393067,0.0144472781763675,0.4034921558286488,348701.37037,370464.200612,30,30,30,30,2026-08-05,2026-09-03,1214200.0,25642491.0,2026-08-05,2026-09-03,1e-06,1.0,1.0,1e-06,10.0,10.0,5,swarm-network,Swarm Network
TRX,TRX-USDT-SWAP,TRXUSDT,ok,True,tron,TRON,markets_max_mcap,,3,"tron,solana-bridged-trx-solana,tron-bsc",31428357404.0,0.0004893908819043923,0.0006246779198626298,0.5619007504844233,15380751.54675,19632600.927830003,30,30,30,30,2026-08-05,2026-09-03,371288165.0,31428357404.0,2026-08-05,2026-09-03,1e-05,0.01,0.01,1e-05,1.0,1.0,5,tron,TRON
UB,UB-USDT-SWAP,UBUSDT,ok,True,unibase,Unibase,markets_max_mcap,,1,unibase,308469038.0,0.03214025015567365,0.0811957280933546,1.9490566833154819,9914272.0466,25046368.13466667,30,30,30,30,2026-08-05,2026-09-03,10439084.0,308469038.0,2026-08-05,2026-09-03,1e-05,1.0,1.0,1e-05,10.0,10.0,5,unibase,Unibase
UMA,UMA-USDT-SWAP,UMAUSDT,ok,True,uma,UMA,markets_max_mcap,,1,uma,33680917.0,0.009939660510133974,0.012171578260542411,0.6653926367064773,334776.88065000006,409949.9171523334,30,30,30,30,2026-08-05,2026-09-03,7445982.0,33680917.0,2026-08-05,2026-09-03,0.0001,1.0,1.0,0.0001,0.1,0.1,5,uma,UMA
UNI,UNI-USDT-SWAP,UNIUSDT,ok,True,uniswap,Uniswap,markets_max_mcap,,5,"uniswap,linea-bridged-uni-linea,uni,unicorn-token,uniswap-wormhole",3913778521.0,0.017998423388327446,0.028005209358548847,0.9880474167680833,70441842.8691,109606186.86359666,30,30,30,30,2026-08-05,2026-09-03,921433128.0,3913778521.0,2026-08-05,2026-09-03,0.001,1.0,1.0,0.001,0.1,0.1,5,uniswap,Uniswap
USELESS,USELESS-USDT-SWAP,USELESSUSDT,ok,True,useless-3,Useless Coin,markets_max_mcap,,2,"useless-3,useless-coin",188131270.0,0.03386380537382222,0.18533308701516585,2.112821932010944,6370840.71201,34866949.033183664,30,30,30,30,2026-08-05,2026-09-03,131073548.0,188131270.0,2026-08-05,2026-09-03,1e-05,1.0,1.0,1e-05,1.0,1.0,5,useless-3,Useless Coin
VANA,VANA-USDT-SWAP,VANAUSDT,ok,True,vana,Vana,markets_max_mcap,,1,vana,28135814.0,0.018694128364670735,0.02171702707138074,0.4523810685053579,525974.5185605,611026.2343133334,30,30,30,30,2026-08-05,2026-09-03,1305327.0,28135814.0,2026-08-05,2026-09-03,0.001,1.0,1.0,0.0001,0.01,0.01,5,vana,Vana
VIRTUAL,VIRTUAL-USDT-SWAP,VIRTUALUSDT,ok,True,virtual-protocol,Virtuals Protocol,markets_max_mcap,,1,virtual-protocol,467649595.0,0.02696049877558431,0.03469303256091419,0.7056387520807229,12608066.3334,16224182.626433332,30,30,30,30,2026-08-05,2026-09-03,52303040.0,467649595.0,2026-08-05,2026-09-03,0.0001,1.0,1.0,0.0001,1.0,1.0,5,virtual-protocol,Virtuals Protocol
VVV,VVV-USDT-SWAP,VVVUSDT,ok,True,venice-token,Venice Token,markets_max_mcap,,1,venice-token,817707940.0,0.009594657395487684,0.014436771624439652,0.7559179871135776,7845627.53387,11805062.785270998,30,30,30,30,2026-08-05,2026-09-03,14922024.0,817707940.0,2026-08-05,2026-09-03,0.001,1.0,1.0,0.001,0.01,0.01,5,venice-token,Venice Token
WAL,WAL-USDT-SWAP,WALUSDT,ok,True,walrus-2,Walrus,markets_max_mcap,,1,walrus-2,66607172.0,0.013093834906397168,0.04157319183899595,2.219936367962924,872143.31375,2769072.739409,30,30,30,30,2026-08-05,2026-09-03,3832883.0,66607172.0,2026-08-05,2026-09-03,1e-05,1.0,1.0,1e-05,1.0,1.0,5,walrus-2,Walrus
WCT,WCT-USDT-SWAP,WCTUSDT,ok,True,connect-token-wct,WalletConnect Token,markets_max_mcap,,1,connect-token-wct,17005304.0,0.04539457116350287,0.05189418827825718,0.5262101283860043,771948.482585,882476.4475049999,30,30,30,30,2026-08-05,2026-09-03,5426814.0,17005304.0,2026-08-05,2026-09-03,1e-05,1.0,1.0,1e-05,1.0,1.0,5,connect-token-wct,WalletConnect Token
WET,WET-USDT-SWAP,WETUSDT,ok,True,humidifi,HumidiFi,markets_max_mcap,,1,humidifi,14333125.0,0.037652317787293416,0.05463703939010742,0.6305872109076396,539675.377385,783119.5152083334,30,30,30,30,2026-08-05,2026-09-03,997376.0,14333125.0,2026-08-05,2026-09-03,1e-05,1.0,1.0,1e-05,1.0,1.0,5,humidifi,HumidiFi
WIF,WIF-USDT-SWAP,WIFUSDT,ok,True,dogwifcoin,dogwifhat,markets_max_mcap,,7,"dogwifcoin,robinwifhat,dogwifhat-base,dogwifhood,wif-on-eth,wif-secondchance,world-is-flat",214186643.0,0.059311255509056186,0.09297833918846037,0.7938391734190083,12703678.709600002,19914718.342491664,30,30,30,30,2026-08-05,2026-09-03,60695737.0,214186643.0,2026-08-05,2026-09-03,0.0001,1.0,1.0,1e-05,1.0,1.0,5,dogwifcoin,dogwifhat
WLD,WLD-USDT-SWAP,WLDUSDT,ok,True,worldcoin-wld,Worldcoin,markets_max_mcap,,1,worldcoin-wld,1455877553.0,0.07572536650822997,0.07901098615591037,0.4565001979161735,110246861.29202999,115030321.18478368,30,30,30,30,2026-08-05,2026-09-03,176982567.0,1455877553.0,2026-08-05,2026-09-03,0.0001,1.0,1.0,0.0001,0.1,0.1,5,worldcoin-wld,Worldcoin
WLFI,WLFI-USDT-SWAP,WLFIUSDT,ok,True,world-liberty-financial,World Liberty Financial,markets_max_mcap,,3,"world-liberty-financial,stupid-world-liberty-financial,we-lack-financial-intelligence",1842448738.0,0.010693647479149025,0.01419022227676672,0.804785131248741,19702497.302575,26144757.12576833,30,30,30,30,2026-08-05,2026-09-03,32442763.0,1842448738.0,2026-08-05,2026-09-03,1e-05,1.0,1.0,1e-05,1.0,1.0,5,world-liberty-financial,World Liberty Financial
WOO,WOO-USDT-SWAP,WOOUSDT,ok,True,woo-network,WOO,markets_max_mcap,,2,"woo-network,woo",21831448.0,0.018689032049962973,0.021948893239558214,0.5458704003766692,408008.6313691,479176.12141696666,30,30,30,30,2026-08-05,2026-09-03,10240940.0,21831448.0,2026-08-05,2026-09-03,1e-05,1.0,1.0,1e-06,0.1,0.1,5,woo-network,WOO
XLM,XLM-USDT-SWAP,XLMUSDT,ok,True,stellar,Stellar,markets_max_mcap,,1,stellar,6449633416.0,0.0034638245064198235,0.004961645404547491,0.8117158226968584,22340398.283765003,32000793.999512337,30,30,30,30,2026-08-05,2026-09-03,164231956.0,6449633416.0,2026-08-05,2026-09-03,1e-05,0.1,0.1,1e-05,1.0,1.0,5,stellar,Stellar
XPL,XPL-USDT-SWAP,XPLUSDT,ok,True,plasma,Plasma,markets_max_mcap,,2,"plasma,pulse-2",268713682.0,0.10407738683665166,0.15048259009344753,0.6740049825598213,27967017.829815,40436730.860906996,30,30,30,30,2026-08-05,2026-09-03,109999810.0,268713682.0,2026-08-05,2026-09-03,1e-05,1.0,1.0,1e-05,1.0,1.0,5,plasma,Plasma
XRP,XRP-USDT-SWAP,XRPUSDT,ok,True,ripple,XRP,markets_max_mcap,,5,"ripple,binance-peg-xrp,harrypotterobamapacman8inu,near-intents-bridged-xrp,warioxrpdumbledoreyugioh69inu",91714520384.0,0.006666360497038229,0.010451705503503838,0.9545562581875445,611402055.6927049,958573157.4486679,30,30,30,30,2026-08-05,2026-09-03,3844326789.0,91714520384.0,2026-08-05,2026-09-03,0.0001,0.01,0.01,0.0001,0.1,0.1,5,ripple,XRP
XTZ,XTZ-USDT-SWAP,XTZUSDT,ok,True,tezos,Tezos,markets_max_mcap,,2,"tezos,binance-peg-tezos-token",252945596.0,0.0029685913757320367,0.0039798024126922,0.6607538045787117,750892.114815,1006673.4932406667,30,30,30,30,2026-08-05,2026-09-03,8592344.0,252945596.0,2026-08-05,2026-09-03,0.0001,1.0,1.0,0.0001,0.1,0.1,5,tezos,Tezos
YB,YB-USDT-SWAP,YBUSDT,ok,True,yield-basis,Yield Basis,markets_max_mcap,,1,yield-basis,24222533.0,0.0265840458013619,0.04626802577046752,1.2081145665027717,643932.926697,1120728.78107,30,30,30,30,2026-08-05,2026-09-03,7574902.0,24222533.0,2026-08-05,2026-09-03,1e-05,1.0,1.0,1e-05,0.1,0.1,5,yield-basis,Yield Basis
YFI,YFI-USDT-SWAP,YFIUSDT,ok,True,yearn-finance,yearn.finance,markets_max_mcap,,2,"yearn-finance,yfi",83249081.0,0.00843992413501838,0.010164884007548383,0.6269915582207812,702615.92795,846217.2521,30,30,30,30,2026-08-05,2026-09-03,16389526.0,83249081.0,2026-08-05,2026-09-03,1.0,1.0,1.0,1.0,0.0001,0.0001,5,yearn-finance,yearn.finance
YGG,YGG-USDT-SWAP,YGGUSDT,ok,True,yield-guild-games,Yield Guild Games,markets_max_mcap,,1,yield-guild-games,22012200.0,0.05501840867927785,0.07270891852677304,0.7311655490028401,1211076.21553,1600483.256395033,30,30,30,30,2026-08-05,2026-09-03,2740348.0,22012200.0,2026-08-05,2026-09-03,1e-05,1.0,1.0,1e-05,0.1,0.1,5,yield-guild-games,Yield Guild Games
ZAMA,ZAMA-USDT-SWAP,ZAMAUSDT,ok,True,zama,Zama,markets_max_mcap,,1,zama,136803317.0,0.052493957436134386,0.07301077787013015,0.8780552211957491,7181347.49972,9988116.589384,30,30,30,30,2026-08-05,2026-09-03,12316392.0,136803317.0,2026-08-05,2026-09-03,1e-05,1.0,1.0,1e-05,1.0,1.0,5,zama,Zama
ZBT,ZBT-USDT-SWAP,ZBTUSDT,ok,True,zerobase,ZEROBASE,markets_max_mcap,,1,zerobase,27216434.0,0.11981063384628199,0.5501469119773357,2.5089477307128987,3260818.2085755,14973037.120134966,30,30,30,30,2026-08-05,2026-09-03,3322155.0,27216434.0,2026-08-05,2026-09-03,1e-05,1.0,1.0,1e-05,0.1,0.1,5,zerobase,ZEROBASE
ZEC,ZEC-USDT-SWAP,ZECUSDT,ok,True,zcash,Zcash,markets_max_mcap,,4,"zcash,binance-peg-zcash-token,near-intents-bridged-zec,omnibridge-bridged-zcash-solana",16298285590.0,0.036584667027187,0.04045033067044793,0.8075365893232339,596267351.42415,659271041.4768966,30,30,30,30,2026-08-05,2026-09-03,860717770.0,16298285590.0,2026-08-05,2026-09-03,0.01,1.0,1.0,0.01,0.01,0.01,5,zcash,Zcash
ZEN,ZEN-USDT-SWAP,ZENUSDT,ok,True,zencash,Horizen,markets_max_mcap,,6,"zencash,zen-2,zendawg,zenfrogs,zenith-2,zenith-3",107607512.0,0.018416600321081673,0.0316233021286965,1.282726686909689,1981764.54005,3402904.8632933334,30,30,30,30,2026-08-05,2026-09-03,13385813.0,107607512.0,2026-08-05,2026-09-03,0.001,1.0,1.0,0.001,0.1,0.1,5,zencash,Horizen
ZETA,ZETA-USDT-SWAP,ZETAUSDT,ok,True,zetachain,ZetaChain,markets_max_mcap,,2,"zetachain,zeta-global-holdings-corp-robinhood-token",55602883.0,0.011848077164991606,0.01260193513854908,0.27226555867373164,658787.24838,700703.9250823334,30,30,30,30,2026-08-05,2026-09-03,14470880.0,55602883.0,2026-08-05,2026-09-03,1e-05,1.0,1.0,1e-05,1.0,1.0,5,zetachain,ZetaChain
ZIL,ZIL-USDT-SWAP,ZILUSDT,ok,True,zilliqa,Zilliqa,markets_max_mcap,,1,zilliqa,53413985.0,0.026339945713468108,0.027296313009767006,0.451472540048873,1406921.4652399998,1458004.8536590002,30,30,30,30,2026-08-05,2026-09-03,10386660.0,53413985.0,2026-08-05,2026-09-03,1e-06,1.0,1.0,1e-06,10.0,10.0,5,zilliqa,Zilliqa
ZK,ZK-USDT-SWAP,ZKUSDT,ok,True,zksync,ZKsync,markets_max_mcap,,1,zksync,99716116.0,0.02285174190707097,0.03933376709485528,1.1408711112687837,2278686.9468075503,3922210.4823475727,30,30,30,30,2026-08-05,2026-09-03,9368090.0,99716116.0,2026-08-05,2026-09-03,1e-05,1.0,1.0,1e-06,0.1,0.1,5,zksync,ZKsync
ZKP,ZKP-USDT-SWAP,ZKPUSDT,ok,True,zkpass,zkPass,override,,2,"zkpass,panther",9293486.0,0.1028633378728929,0.6488593262026399,2.609138647246605,955958.990435,6030165.064033668,30,30,30,30,2026-08-05,2026-09-03,38796621.0,9293486.0,2026-08-05,2026-09-03,1e-05,1.0,1.0,1e-05,1.0,1.0,5,zkpass,zkPass
ZORA,ZORA-USDT-SWAP,ZORAUSDT,ok,True,zora,Zora,markets_max_mcap,,1,zora,34221438.0,0.06773416172751129,0.5210698676993838,2.8606388443595216,2317960.41604,17831760.171142664,30,30,30,30,2026-08-05,2026-09-03,25145725.0,34221438.0,2026-08-05,2026-09-03,1e-06,1.0,1.0,1e-06,10.0,10.0,5,zora,Zora
ZRO,ZRO-USDT-SWAP,ZROUSDT,ok,True,layerzero,LayerZero,markets_max_mcap,,1,layerzero,393762038.0,0.026112260429038615,0.054606874405300085,1.3054332364441097,10282016.883325,21502114.154641006,30,30,30,30,2026-08-05,2026-09-03,59848296.0,393762038.0,2026-08-05,2026-09-03,0.0001,1.0,1.0,0.0001,0.1,0.1,5,layerzero,LayerZero
ZRX,ZRX-USDT-SWAP,ZRXUSDT,ok,True,0x,0x Protocol,markets_max_mcap,,1,0x,85911009.0,0.005942552901863835,0.0073397659524248714,0.5935239171704519,510530.71583500004,630566.6987966667,30,30,30,30,2026-08-05,2026-09-03,18230967.0,85911009.0,2026-08-05,2026-09-03,1e-05,1.0,1.0,1e-05,1.0,1.0,5,0x,0x Protocol
