base_coin,in_csv,is_crypto,bybit_symbol,okx_symbol,bybit_listed_utc,okx_listed_utc,joint_listed_utc,later_venue,joint_listed_ms
BCH,yes,yes,BCHUSDT,BCH-USDT-SWAP,2018-01-01T00:00:00Z,2019-11-12T11:16:48Z,2019-11-12T11:16:48Z,okx,1573557408000
LTC,yes,yes,LTCUSDT,LTC-USDT-SWAP,2018-01-01T00:00:00Z,2019-11-12T11:16:48Z,2019-11-12T11:16:48Z,okx,1573557408000
LINK,yes,yes,LINKUSDT,LINK-USDT-SWAP,2018-01-01T00:00:00Z,2020-02-28T11:16:48Z,2020-02-28T11:16:48Z,okx,1582888608000
BTC,yes,yes,BTCUSDT,BTC-USDT-SWAP,2020-03-15T00:00:00Z,2019-11-12T11:16:48Z,2020-03-15T00:00:00Z,bybit,1584230400000
XTZ,yes,yes,XTZUSDT,XTZ-USDT-SWAP,2018-01-01T00:00:00Z,2020-04-21T10:12:51Z,2020-04-21T10:12:51Z,okx,1587463971000
ADA,yes,yes,ADAUSDT,ADA-USDT-SWAP,2021-01-15T00:00:00Z,2020-02-28T11:16:48Z,2021-01-15T00:00:00Z,bybit,1610668800000
ETH,yes,yes,ETHUSDT,ETH-USDT-SWAP,2021-03-15T00:00:00Z,2019-11-12T11:16:48Z,2021-03-15T00:00:00Z,bybit,1615766400000
DOT,yes,yes,DOTUSDT,DOT-USDT-SWAP,2021-03-18T09:34:00Z,2020-08-25T10:12:51Z,2021-03-18T09:34:00Z,bybit,1616060040000
AAVE,yes,yes,AAVEUSDT,AAVE-USDT-SWAP,2021-05-13T09:21:00Z,2020-12-10T06:00:00Z,2021-05-13T09:21:00Z,bybit,1620897660000
XRP,yes,yes,XRPUSDT,XRP-USDT-SWAP,2021-05-13T09:34:00Z,2019-11-12T11:16:48Z,2021-05-13T09:34:00Z,bybit,1620898440000
DOGE,yes,yes,DOGEUSDT,DOGE-USDT-SWAP,2021-06-02T10:44:00Z,2020-04-21T10:12:51Z,2021-06-02T10:44:00Z,bybit,1622630640000
ETC,yes,yes,ETCUSDT,ETC-USDT-SWAP,2021-06-29T07:04:00Z,2019-11-12T11:16:48Z,2021-06-29T07:04:00Z,bybit,1624950240000
FIL,yes,yes,FILUSDT,FIL-USDT-SWAP,2021-06-29T07:15:00Z,2019-08-10T10:12:51Z,2021-06-29T07:15:00Z,bybit,1624950900000
AXS,yes,yes,AXSUSDT,AXS-USDT-SWAP,2021-08-12T00:00:00Z,2021-07-28T09:00:00Z,2021-08-12T00:00:00Z,bybit,1628726400000
COMP,yes,yes,COMPUSDT,COMP-USDT-SWAP,2021-08-12T00:00:00Z,2020-04-21T10:12:51Z,2021-08-12T00:00:00Z,bybit,1628726400000
THETA,yes,yes,THETAUSDT,THETA-USDT-SWAP,2021-08-12T00:00:00Z,2020-04-21T10:12:51Z,2021-08-12T00:00:00Z,bybit,1628726400000
TRX,yes,yes,TRXUSDT,TRX-USDT-SWAP,2021-08-12T00:00:00Z,2019-11-12T11:16:48Z,2021-08-12T00:00:00Z,bybit,1628726400000
XLM,yes,yes,XLMUSDT,XLM-USDT-SWAP,2021-08-12T00:00:00Z,2020-04-21T10:12:51Z,2021-08-12T00:00:00Z,bybit,1628726400000
AVAX,yes,yes,AVAXUSDT,AVAX-USDT-SWAP,2021-09-15T00:00:00Z,2020-09-23T06:00:00Z,2021-09-15T00:00:00Z,bybit,1631664000000
ICP,yes,yes,ICPUSDT,ICP-USDT-SWAP,2021-09-15T00:00:00Z,2021-05-14T09:00:00Z,2021-09-15T00:00:00Z,bybit,1631664000000
ALGO,yes,yes,ALGOUSDT,ALGO-USDT-SWAP,2021-09-23T00:00:00Z,2020-04-21T10:12:51Z,2021-09-23T00:00:00Z,bybit,1632355200000
ATOM,yes,yes,ATOMUSDT,ATOM-USDT-SWAP,2021-10-11T00:00:00Z,2019-11-12T11:16:48Z,2021-10-11T00:00:00Z,bybit,1633910400000
DYDX,yes,yes,DYDXUSDT,DYDX-USDT-SWAP,2021-10-11T00:00:00Z,2021-09-08T16:11:50Z,2021-10-11T00:00:00Z,bybit,1633910400000
NEAR,yes,yes,NEARUSDT,NEAR-USDT-SWAP,2021-10-11T00:00:00Z,2020-12-21T10:00:00Z,2021-10-11T00:00:00Z,bybit,1633910400000
CHZ,yes,yes,CHZUSDT,CHZ-USDT-SWAP,2021-10-12T00:00:00Z,2021-03-12T09:00:00Z,2021-10-12T00:00:00Z,bybit,1633996800000
IOST,yes,yes,IOSTUSDT,IOST-USDT-SWAP,2021-10-12T00:00:00Z,2020-04-21T10:12:51Z,2021-10-12T00:00:00Z,bybit,1633996800000
KSM,yes,yes,KSMUSDT,KSM-USDT-SWAP,2021-10-12T00:00:00Z,2020-09-08T10:12:51Z,2021-10-12T00:00:00Z,bybit,1633996800000
SOL,yes,yes,SOLUSDT,SOL-USDT-SWAP,2021-10-15T00:00:00Z,2021-01-22T07:00:00Z,2021-10-15T00:00:00Z,bybit,1634256000000
CRV,yes,yes,CRVUSDT,CRV-USDT-SWAP,2021-10-25T00:00:00Z,2020-09-04T10:12:51Z,2021-10-25T00:00:00Z,bybit,1635120000000
SAND,yes,yes,SANDUSDT,SAND-USDT-SWAP,2021-11-01T00:00:00Z,2021-04-02T09:00:00Z,2021-11-01T00:00:00Z,bybit,1635724800000
MANA,yes,yes,MANAUSDT,MANA-USDT-SWAP,2021-11-08T00:00:00Z,2021-03-12T09:00:00Z,2021-11-08T00:00:00Z,bybit,1636329600000
GALA,yes,yes,GALAUSDT,GALA-USDT-SWAP,2021-11-09T00:00:00Z,2021-09-24T10:03:09Z,2021-11-09T00:00:00Z,bybit,1636416000000
ENS,yes,yes,ENSUSDT,ENS-USDT-SWAP,2021-11-12T00:00:00Z,2021-11-11T09:45:46Z,2021-11-12T00:00:00Z,bybit,1636675200000
EGLD,yes,yes,EGLDUSDT,EGLD-USDT-SWAP,2021-11-22T16:00:00Z,2020-12-22T07:00:00Z,2021-11-22T16:00:00Z,bybit,1637596800000
CRO,yes,yes,CROUSDT,CRO-USDT-SWAP,2021-11-23T00:00:00Z,2021-04-08T09:00:00Z,2021-11-23T00:00:00Z,bybit,1637625600000
YGG,yes,yes,YGGUSDT,YGG-USDT-SWAP,2021-11-23T00:00:00Z,2021-08-06T09:00:00Z,2021-11-23T00:00:00Z,bybit,1637625600000
BAT,yes,yes,BATUSDT,BAT-USDT-SWAP,2021-11-24T00:00:00Z,2020-08-28T10:12:51Z,2021-11-24T00:00:00Z,bybit,1637712000000
IMX,yes,yes,IMXUSDT,IMX-USDT-SWAP,2021-11-24T00:00:00Z,2021-11-18T06:50:22Z,2021-11-24T00:00:00Z,bybit,1637712000000
SUSHI,yes,yes,SUSHIUSDT,SUSHI-USDT-SWAP,2021-11-30T00:00:00Z,2020-09-02T10:12:51Z,2021-11-30T00:00:00Z,bybit,1638230400000
UNI,yes,yes,UNIUSDT,UNI-USDT-SWAP,2021-11-30T00:00:00Z,2020-09-17T04:30:00Z,2021-11-30T00:00:00Z,bybit,1638230400000
RSR,yes,yes,RSRUSDT,RSR-USDT-SWAP,2021-11-30T15:28:21Z,2020-09-09T10:12:51Z,2021-11-30T15:28:21Z,bybit,1638286101000
MASK,yes,yes,MASKUSDT,MASK-USDT-SWAP,2021-12-02T11:29:02Z,2021-03-04T07:00:00Z,2021-12-02T11:29:02Z,bybit,1638444542000
1INCH,yes,yes,1INCHUSDT,1INCH-USDT-SWAP,2021-12-06T00:00:00Z,2020-12-25T02:30:00Z,2021-12-06T00:00:00Z,bybit,1638748800000
GRT,yes,yes,GRTUSDT,GRT-USDT-SWAP,2021-12-06T00:00:00Z,2020-12-20T10:00:00Z,2021-12-06T00:00:00Z,bybit,1638748800000
YFI,yes,yes,YFIUSDT,YFI-USDT-SWAP,2021-12-08T02:32:49Z,2020-09-02T10:12:51Z,2021-12-08T02:32:49Z,bybit,1638930769000
BICO,yes,yes,BICOUSDT,BICO-USDT-SWAP,2021-12-02T11:40:17Z,2021-12-09T06:50:17Z,2021-12-09T06:50:17Z,okx,1639032617371
QTUM,yes,yes,QTUMUSDT,QTUM-USDT-SWAP,2021-12-13T00:49:26Z,2020-04-21T10:12:51Z,2021-12-13T00:49:26Z,bybit,1639356566000
SNX,yes,yes,SNXUSDT,SNX-USDT-SWAP,2021-12-13T01:01:18Z,2020-08-21T10:12:51Z,2021-12-13T01:01:18Z,bybit,1639357278000
LPT,yes,yes,LPTUSDT,LPT-USDT-SWAP,2021-12-13T01:12:39Z,2021-04-23T07:00:00Z,2021-12-13T01:12:39Z,bybit,1639357959000
PEOPLE,yes,yes,PEOPLEUSDT,PEOPLE-USDT-SWAP,2021-12-29T03:37:04Z,2021-12-02T06:51:29Z,2021-12-29T03:37:04Z,bybit,1640749024000
IOTA,yes,yes,IOTAUSDT,IOTA-USDT-SWAP,2021-12-29T10:16:33Z,2020-04-21T10:12:51Z,2021-12-29T10:16:33Z,bybit,1640772993000
CELO,yes,yes,CELOUSDT,CELO-USDT-SWAP,2022-01-05T07:26:22Z,2021-09-24T10:03:05Z,2022-01-05T07:26:22Z,bybit,1641367582000
RVN,yes,yes,RVNUSDT,RVN-USDT-SWAP,2022-01-06T07:27:47Z,2021-04-23T07:00:00Z,2022-01-06T07:27:47Z,bybit,1641454067000
ZIL,yes,yes,ZILUSDT,ZIL-USDT-SWAP,2022-01-29T18:18:26Z,2020-09-09T10:12:51Z,2022-01-29T18:18:26Z,bybit,1643480306000
NEO,yes,yes,NEOUSDT,NEO-USDT-SWAP,2022-01-30T02:20:29Z,2020-02-28T11:16:48Z,2022-01-30T02:20:29Z,bybit,1643509229000
BAND,yes,yes,BANDUSDT,BAND-USDT-SWAP,2022-02-18T06:51:56Z,2020-09-07T10:12:51Z,2022-02-18T06:51:56Z,bybit,1645167116000
API3,yes,yes,API3USDT,API3-USDT-SWAP,2022-02-28T03:30:09Z,2022-03-03T08:55:16Z,2022-03-03T08:55:16Z,okx,1646297716213
APE,yes,yes,APEUSDT,APE-USDT-SWAP,2022-03-18T02:44:37Z,2022-03-17T13:00:59Z,2022-03-18T02:44:37Z,bybit,1647571477000
ZRX,yes,yes,ZRXUSDT,ZRX-USDT-SWAP,2022-03-28T07:51:18Z,2020-08-21T10:12:51Z,2022-03-28T07:51:18Z,bybit,1648453878000
GMT,yes,yes,GMTUSDT,GMT-USDT-SWAP,2022-03-19T05:25:11Z,2022-04-01T08:56:09Z,2022-04-01T08:56:09Z,okx,1648803369890
MINA,yes,yes,MINAUSDT,MINA-USDT-SWAP,2022-04-06T07:03:33Z,2021-06-09T09:00:00Z,2022-04-06T07:03:33Z,bybit,1649228613000
AGLD,yes,yes,AGLDUSDT,AGLD-USDT-SWAP,2022-04-22T06:25:21Z,2021-09-07T09:57:30Z,2022-04-22T06:25:21Z,bybit,1650608721000
OP,yes,yes,OPUSDT,OP-USDT-SWAP,2022-06-01T04:51:03Z,2022-06-01T03:55:17Z,2022-06-01T04:51:03Z,bybit,1654059063000
ONT,yes,yes,ONTUSDT,ONT-USDT-SWAP,2022-06-06T06:37:00Z,2020-04-21T10:12:51Z,2022-06-06T06:37:00Z,bybit,1654497420000
TRB,yes,yes,TRBUSDT,TRB-USDT-SWAP,2022-06-10T02:30:44Z,2020-09-08T10:12:51Z,2022-06-10T02:30:44Z,bybit,1654828244000
APT,yes,yes,APTUSDT,APT-USDT-SWAP,2022-10-18T15:34:32Z,2022-10-19T01:18:48Z,2022-10-19T01:18:48Z,okx,1666142328522
BNB,yes,yes,BNBUSDT,BNB-USDT-SWAP,2021-06-29T07:18:00Z,2022-12-23T06:53:48Z,2022-12-23T06:53:48Z,okx,1671778428049
LDO,yes,yes,LDOUSDT,LDO-USDT-SWAP,2022-07-20T06:53:39Z,2023-02-02T07:02:49Z,2023-02-02T07:02:49Z,okx,1675321369323
GMX,yes,yes,GMXUSDT,GMX-USDT-SWAP,2022-10-10T07:06:10Z,2023-02-02T07:05:42Z,2023-02-02T07:05:42Z,okx,1675321542847
MAGIC,yes,yes,MAGICUSDT,MAGIC-USDT-SWAP,2022-12-13T02:18:41Z,2023-02-02T07:05:49Z,2023-02-02T07:05:49Z,okx,1675321549791
CORE,yes,yes,COREUSDT,CORE-USDT-SWAP,2023-02-09T07:25:14Z,2023-02-08T13:55:14Z,2023-02-09T07:25:14Z,bybit,1675927514000
AR,yes,yes,ARUSDT,AR-USDT-SWAP,2021-12-20T05:39:22Z,2023-02-14T06:55:00Z,2023-02-14T06:55:00Z,okx,1676357700186
WOO,yes,yes,WOOUSDT,WOO-USDT-SWAP,2021-11-09T00:00:00Z,2023-02-14T06:55:00Z,2023-02-14T06:55:00Z,okx,1676357700337
BLUR,yes,yes,BLURUSDT,BLUR-USDT-SWAP,2023-02-15T02:33:07Z,2023-02-15T02:55:00Z,2023-02-15T02:55:00Z,okx,1676429700181
CFX,yes,yes,CFXUSDT,CFX-USDT-SWAP,2023-02-20T09:05:25Z,2021-03-12T09:00:00Z,2023-02-20T09:05:25Z,bybit,1676883925000
STX,yes,yes,STXUSDT,STX-USDT-SWAP,2021-11-30T07:59:43Z,2023-02-21T08:55:58Z,2023-02-21T08:55:58Z,okx,1676969758164
USDC,no,yes,USDCUSDT,USDC-USDT-SWAP,2022-06-28T07:00:12Z,2023-03-12T07:55:00Z,2023-03-12T07:55:00Z,okx,1678607700793
ARB,yes,yes,ARBUSDT,ARB-USDT-SWAP,2023-03-23T09:27:40Z,2023-03-23T14:01:34Z,2023-03-23T14:01:34Z,okx,1679580094937
SUI,yes,yes,SUIUSDT,SUI-USDT-SWAP,2023-05-02T12:15:24Z,2023-05-05T03:55:00Z,2023-05-05T03:55:00Z,okx,1683258900891
ORDI,yes,yes,ORDIUSDT,ORDI-USDT-SWAP,2023-05-22T07:10:10Z,2023-05-21T09:55:00Z,2023-05-22T07:10:10Z,bybit,1684739410000
UMA,yes,yes,UMAUSDT,UMA-USDT-SWAP,2023-06-08T07:49:22Z,2020-09-04T10:12:51Z,2023-06-08T07:49:22Z,bybit,1686210562000
WLD,yes,yes,WLDUSDT,WLD-USDT-SWAP,2023-07-24T07:48:40Z,2023-07-24T11:55:21Z,2023-07-24T11:55:21Z,okx,1690199721595
HBAR,yes,yes,HBARUSDT,HBAR-USDT-SWAP,2021-10-25T00:00:00Z,2023-08-16T05:55:00Z,2023-08-16T05:55:00Z,okx,1692165300823
BIGTIME,yes,yes,BIGTIMEUSDT,BIGTIME-USDT-SWAP,2023-10-12T08:35:45Z,2023-10-12T12:55:00Z,2023-10-12T12:55:00Z,okx,1697115300862
GAS,yes,yes,GASUSDT,GAS-USDT-SWAP,2023-10-23T07:09:12Z,2023-10-24T09:55:00Z,2023-10-24T09:55:00Z,okx,1698141300695
TIA,yes,yes,TIAUSDT,TIA-USDT-SWAP,2023-10-31T16:12:29Z,2023-10-31T18:25:00Z,2023-10-31T18:25:00Z,okx,1698776700675
MEME,yes,yes,MEMEUSDT,MEME-USDT-SWAP,2023-11-03T08:48:45Z,2023-11-03T08:55:00Z,2023-11-03T08:55:00Z,okx,1699001700715
FLOW,yes,yes,FLOWUSDT,FLOW-USDT-SWAP,2021-11-25T16:00:00Z,2023-11-07T09:55:00Z,2023-11-07T09:55:00Z,okx,1699350900756
PYTH,yes,yes,PYTHUSDT,PYTH-USDT-SWAP,2023-11-21T05:09:10Z,2023-11-20T14:55:00Z,2023-11-21T05:09:10Z,bybit,1700543350000
SSV,yes,yes,SSVUSDT,SSV-USDT-SWAP,2023-03-01T07:27:50Z,2023-11-23T03:55:00Z,2023-11-23T03:55:00Z,okx,1700711700717
INJ,yes,yes,INJUSDT,INJ-USDT-SWAP,2022-08-17T00:00:00Z,2023-11-30T11:55:00Z,2023-11-30T11:55:00Z,okx,1701345300667
AUCTION,yes,yes,AUCTIONUSDT,AUCTION-USDT-SWAP,2023-07-28T06:34:30Z,2023-12-01T07:55:00Z,2023-12-01T07:55:00Z,okx,1701417300613
METIS,yes,yes,METISUSDT,METIS-USDT-SWAP,2024-01-02T15:05:24Z,2023-12-28T09:55:00Z,2024-01-02T15:05:24Z,bybit,1704207924000
JTO,yes,yes,JTOUSDT,JTO-USDT-SWAP,2023-12-07T19:50:19Z,2024-01-08T06:55:00Z,2024-01-08T06:55:00Z,okx,1704696900623
NMR,yes,yes,NMRUSDT,NMR-USDT-SWAP,2023-09-04T05:16:32Z,2024-01-11T07:55:00Z,2024-01-11T07:55:00Z,okx,1704959700642
LQTY,yes,yes,LQTYUSDT,LQTY-USDT-SWAP,2023-03-13T08:06:00Z,2024-01-12T09:55:00Z,2024-01-12T09:55:00Z,okx,1705053300717
JUP,yes,yes,JUPUSDT,JUP-USDT-SWAP,2024-01-31T15:51:07Z,2024-01-31T16:05:00Z,2024-01-31T16:05:00Z,okx,1706717100211
ZETA,yes,yes,ZETAUSDT,ZETA-USDT-SWAP,2024-02-01T04:05:29Z,2024-02-01T03:25:00Z,2024-02-01T04:05:29Z,bybit,1706760329000
STRK,yes,yes,STRKUSDT,STRK-USDT-SWAP,2024-02-20T13:42:06Z,2024-02-20T12:55:00Z,2024-02-20T13:42:06Z,bybit,1708436526000
ACH,yes,yes,ACHUSDT,ACH-USDT-SWAP,2022-04-08T08:07:37Z,2024-02-22T08:25:01Z,2024-02-22T08:25:01Z,okx,1708590301084
ENJ,yes,yes,ENJUSDT,ENJ-USDT-SWAP,2021-10-31T16:00:00Z,2024-03-01T10:25:01Z,2024-03-01T10:25:01Z,okx,1709288701407
AEVO,yes,yes,AEVOUSDT,AEVO-USDT-SWAP,2024-03-13T10:50:14Z,2024-03-13T10:25:20Z,2024-03-13T10:50:14Z,bybit,1710327014000
ETHFI,yes,yes,ETHFIUSDT,ETHFI-USDT-SWAP,2024-03-18T13:16:43Z,2024-03-18T12:25:00Z,2024-03-18T13:16:43Z,bybit,1710767803000
W,yes,no,WUSDT,W-USDT-SWAP,2024-04-03T12:39:24Z,2024-04-03T12:25:00Z,2024-04-03T12:39:24Z,bybit,1712147964000
WIF,yes,yes,WIFUSDT,WIF-USDT-SWAP,2024-01-11T09:31:44Z,2024-04-15T09:25:00Z,2024-04-15T09:25:00Z,okx,1713173100603
MERL,yes,yes,MERLUSDT,MERL-USDT-SWAP,2024-04-19T11:02:21Z,2024-04-19T10:25:00Z,2024-04-19T11:02:21Z,bybit,1713524541000
MEW,yes,yes,MEWUSDT,MEW-USDT-SWAP,2024-04-23T09:15:41Z,2024-04-15T08:25:00Z,2024-04-23T09:15:41Z,bybit,1713863741000
GLM,yes,yes,GLMUSDT,GLM-USDT-SWAP,2023-08-10T04:57:59Z,2024-05-10T08:25:01Z,2024-05-10T08:25:01Z,okx,1715329501418
NOT,yes,yes,NOTUSDT,NOT-USDT-SWAP,2024-05-16T15:41:23Z,2024-05-16T12:27:45Z,2024-05-16T15:41:23Z,bybit,1715874083000
ATH,yes,yes,ATHUSDT,ATH-USDT-SWAP,2024-06-13T09:01:44Z,2024-06-13T03:55:00Z,2024-06-13T09:01:44Z,bybit,1718269304000
ZK,yes,yes,ZKUSDT,ZK-USDT-SWAP,2024-06-20T02:08:00Z,2024-06-18T08:25:00Z,2024-06-20T02:08:00Z,bybit,1718849280000
ZRO,yes,yes,ZROUSDT,ZRO-USDT-SWAP,2024-06-20T13:54:06Z,2024-06-20T12:25:00Z,2024-06-20T13:54:06Z,bybit,1718891646000
CVX,yes,no,CVXUSDT,CVX-USDT-SWAP,2022-04-20T07:38:02Z,2024-06-25T08:25:00Z,2024-06-25T08:25:00Z,okx,1719303900750
ONDO,yes,yes,ONDOUSDT,ONDO-USDT-SWAP,2024-01-22T10:29:52Z,2024-08-06T10:30:03Z,2024-08-06T10:30:03Z,okx,1722940203957
RENDER,yes,yes,RENDERUSDT,RENDER-USDT-SWAP,2024-07-26T08:26:47Z,2024-08-08T08:30:00Z,2024-08-08T08:30:00Z,okx,1723105800136
BOME,yes,yes,BOMEUSDT,BOME-USDT-SWAP,2024-03-15T08:52:25Z,2024-08-15T10:20:02Z,2024-08-15T10:20:02Z,okx,1723717202042
POPCAT,yes,yes,POPCATUSDT,POPCAT-USDT-SWAP,2024-03-28T07:01:59Z,2024-08-29T09:00:00Z,2024-08-29T09:00:00Z,okx,1724922000651
BRETT,yes,yes,BRETTUSDT,BRETT-USDT-SWAP,2024-04-26T08:17:24Z,2024-09-06T10:15:01Z,2024-09-06T10:15:01Z,okx,1725617701730
TAO,yes,yes,TAOUSDT,TAO-USDT-SWAP,2024-01-30T07:51:21Z,2024-09-20T05:00:00Z,2024-09-20T05:00:00Z,okx,1726808400182
POL,yes,yes,POLUSDT,POL-USDT-SWAP,2024-09-05T08:30:13Z,2024-09-24T08:30:00Z,2024-09-24T08:30:00Z,okx,1727166600128
HMSTR,yes,yes,HMSTRUSDT,HMSTR-USDT-SWAP,2024-09-11T06:08:16Z,2024-09-26T12:30:00Z,2024-09-26T12:30:00Z,okx,1727353800176
EIGEN,yes,yes,EIGENUSDT,EIGEN-USDT-SWAP,2024-08-06T03:43:33Z,2024-10-01T06:30:00Z,2024-10-01T06:30:00Z,okx,1727764200682
MOODENG,yes,yes,MOODENGUSDT,MOODENG-USDT-SWAP,2024-10-01T06:59:06Z,2024-10-03T07:00:02Z,2024-10-03T07:00:02Z,okx,1727938802849
GRASS,yes,yes,GRASSUSDT,GRASS-USDT-SWAP,2024-10-15T10:12:03Z,2024-10-28T14:30:00Z,2024-10-28T14:30:00Z,okx,1730125800597
PNUT,yes,yes,PNUTUSDT,PNUT-USDT-SWAP,2024-11-11T08:16:46Z,2024-11-12T03:30:00Z,2024-11-12T03:30:00Z,okx,1731382200304
ACT,yes,yes,ACTUSDT,ACT-USDT-SWAP,2024-11-11T08:14:12Z,2024-11-14T11:00:00Z,2024-11-14T11:00:00Z,okx,1731582000644
ARKM,yes,yes,ARKMUSDT,ARKM-USDT-SWAP,2023-07-28T01:41:11Z,2024-11-21T08:30:00Z,2024-11-21T08:30:00Z,okx,1732177800122
MORPHO,yes,yes,MORPHOUSDT,MORPHO-USDT-SWAP,2024-11-22T08:35:59Z,2024-11-25T10:00:00Z,2024-11-25T10:00:00Z,okx,1732528800980
MOVE,yes,yes,MOVEUSDT,MOVE-USDT-SWAP,2024-12-09T12:06:17Z,2024-12-09T13:00:02Z,2024-12-09T13:00:02Z,okx,1733749202646
ME,yes,yes,MEUSDT,ME-USDT-SWAP,2024-11-25T08:03:15Z,2024-12-10T15:30:00Z,2024-12-10T15:30:00Z,okx,1733844600107
VIRTUAL,yes,yes,VIRTUALUSDT,VIRTUAL-USDT-SWAP,2024-11-01T08:25:51Z,2024-12-11T10:00:00Z,2024-12-11T10:00:00Z,okx,1733911200140
VANA,yes,yes,VANAUSDT,VANA-USDT-SWAP,2024-12-16T11:43:42Z,2024-12-17T04:00:00Z,2024-12-17T04:00:00Z,okx,1734408000582
PENGU,yes,yes,PENGUUSDT,PENGU-USDT-SWAP,2024-12-17T14:22:26Z,2024-12-17T15:55:02Z,2024-12-17T15:55:02Z,okx,1734450902264
FARTCOIN,yes,yes,FARTCOINUSDT,FARTCOIN-USDT-SWAP,2024-12-20T08:37:27Z,2024-12-20T09:00:00Z,2024-12-20T09:00:00Z,okx,1734685200393
AIXBT,yes,yes,AIXBTUSDT,AIXBT-USDT-SWAP,2024-12-20T08:38:27Z,2025-01-03T07:00:00Z,2025-01-03T07:00:00Z,okx,1735887600188
BIO,yes,yes,BIOUSDT,BIO-USDT-SWAP,2024-12-24T09:54:54Z,2025-01-03T10:45:00Z,2025-01-03T10:45:00Z,okx,1735901100474
TRUMP,yes,yes,TRUMPUSDT,TRUMP-USDT-SWAP,2025-01-18T06:31:47Z,2025-01-19T05:30:04Z,2025-01-19T05:30:04Z,okx,1737264604112
S,yes,yes,SUSDT,S-USDT-SWAP,2025-01-15T08:47:20Z,2025-01-21T09:00:00Z,2025-01-21T09:00:00Z,okx,1737450000523
ANIME,yes,yes,ANIMEUSDT,ANIME-USDT-SWAP,2025-01-23T14:20:24Z,2025-01-23T15:00:01Z,2025-01-23T15:00:01Z,okx,1737644401356
BERA,yes,yes,BERAUSDT,BERA-USDT-SWAP,2025-02-06T13:16:28Z,2025-02-06T14:00:01Z,2025-02-06T14:00:01Z,okx,1738850401850
KAITO,yes,yes,KAITOUSDT,KAITO-USDT-SWAP,2025-02-20T13:22:07Z,2025-02-20T14:00:00Z,2025-02-20T14:00:00Z,okx,1740060000331
HYPE,yes,yes,HYPEUSDT,HYPE-USDT-SWAP,2024-12-04T12:52:20Z,2025-02-21T07:00:00Z,2025-02-21T07:00:00Z,okx,1740121200506
SHELL,yes,yes,SHELLUSDT,SHELL-USDT-SWAP,2025-02-17T07:33:43Z,2025-02-27T12:00:00Z,2025-02-27T12:00:00Z,okx,1740657600557
GPS,yes,yes,GPSUSDT,GPS-USDT-SWAP,2025-02-18T08:15:43Z,2025-03-04T12:00:00Z,2025-03-04T12:00:00Z,okx,1741089600468
PARTI,yes,yes,PARTIUSDT,PARTI-USDT-SWAP,2025-03-25T13:08:54Z,2025-03-25T13:30:00Z,2025-03-25T13:30:00Z,okx,1742909400471
JELLYJELLY,yes,yes,JELLYJELLYUSDT,JELLYJELLY-USDT-SWAP,2025-01-30T06:45:11Z,2025-03-26T15:54:30Z,2025-03-26T15:54:30Z,okx,1743004470352
BABY,yes,yes,BABYUSDT,BABY-USDT-SWAP,2025-04-03T09:34:35Z,2025-04-10T11:00:00Z,2025-04-10T11:00:00Z,okx,1744282800387
WCT,yes,yes,WCTUSDT,WCT-USDT-SWAP,2025-04-15T11:32:07Z,2025-04-15T11:30:00Z,2025-04-15T11:32:07Z,bybit,1744716727000
INIT,yes,yes,INITUSDT,INIT-USDT-SWAP,2025-04-14T07:34:53Z,2025-04-24T11:30:00Z,2025-04-24T11:30:00Z,okx,1745494200437
SIGN,yes,yes,SIGNUSDT,SIGN-USDT-SWAP,2025-04-28T11:09:23Z,2025-04-28T11:30:00Z,2025-04-28T11:30:00Z,okx,1745839800340
WAL,yes,yes,WALUSDT,WAL-USDT-SWAP,2025-03-27T10:05:56Z,2025-05-08T07:00:00Z,2025-05-08T07:00:00Z,okx,1746687600526
PLUME,yes,yes,PLUMEUSDT,PLUME-USDT-SWAP,2025-01-24T06:45:00Z,2025-05-08T07:30:00Z,2025-05-08T07:30:00Z,okx,1746689400330
DOOD,yes,yes,DOODUSDT,DOOD-USDT-SWAP,2025-05-09T13:20:33Z,2025-05-12T12:00:00Z,2025-05-12T12:00:00Z,okx,1747051200521
SOON,yes,yes,SOONUSDT,SOON-USDT-SWAP,2025-05-23T08:58:16Z,2025-05-23T11:30:00Z,2025-05-23T11:30:00Z,okx,1747999800456
HUMA,yes,yes,HUMAUSDT,HUMA-USDT-SWAP,2025-05-26T13:01:54Z,2025-05-26T13:30:00Z,2025-05-26T13:30:00Z,okx,1748266200433
SOPH,yes,yes,SOPHUSDT,SOPH-USDT-SWAP,2025-05-28T13:04:43Z,2025-05-28T13:30:00Z,2025-05-28T13:30:00Z,okx,1748439000413
A,yes,yes,AUSDT,A-USDT-SWAP,2025-05-28T08:20:02Z,2025-05-29T10:30:00Z,2025-05-29T10:30:00Z,okx,1748514600412
KMNO,yes,yes,KMNOUSDT,KMNO-USDT-SWAP,2024-10-09T08:52:41Z,2025-05-30T03:30:00Z,2025-05-30T03:30:00Z,okx,1748575800335
MUBARAK,yes,yes,MUBARAKUSDT,MUBARAK-USDT-SWAP,2025-03-17T07:41:36Z,2025-06-03T10:30:00Z,2025-06-03T10:30:00Z,okx,1748946600286
RESOLV,yes,yes,RESOLVUSDT,RESOLV-USDT-SWAP,2025-06-10T13:11:39Z,2025-06-10T14:30:00Z,2025-06-10T14:30:00Z,okx,1749565800438
LA,yes,yes,LAUSDT,LA-USDT-SWAP,2025-06-05T05:20:01Z,2025-06-13T10:00:00Z,2025-06-13T10:00:00Z,okx,1749808800320
HOME,yes,yes,HOMEUSDT,HOME-USDT-SWAP,2025-06-10T11:15:50Z,2025-06-13T10:15:00Z,2025-06-13T10:15:00Z,okx,1749809700256
SPK,yes,yes,SPKUSDT,SPK-USDT-SWAP,2025-06-17T09:12:47Z,2025-06-17T10:30:00Z,2025-06-17T10:30:00Z,okx,1750156200346
SAHARA,yes,yes,SAHARAUSDT,SAHARA-USDT-SWAP,2025-06-20T11:11:33Z,2025-06-26T12:30:00Z,2025-06-26T12:30:00Z,okx,1750941000359
H,yes,yes,HUSDT,H-USDT-SWAP,2025-06-25T09:50:35Z,2025-07-03T06:00:00Z,2025-07-03T06:00:00Z,okx,1751522400413
AERO,yes,yes,AEROUSDT,AERO-USDT-SWAP,2024-07-15T09:05:08Z,2025-07-03T06:15:00Z,2025-07-03T06:15:00Z,okx,1751523300260
SYRUP,yes,yes,SYRUPUSDT,SYRUP-USDT-SWAP,2025-05-19T07:36:26Z,2025-07-03T06:30:00Z,2025-07-03T06:30:00Z,okx,1751524200291
SPX,yes,yes,SPXUSDT,SPX-USDT-SWAP,2024-10-29T06:31:37Z,2025-07-17T05:00:00Z,2025-07-17T05:00:00Z,okx,1752728400453
USELESS,yes,yes,USELESSUSDT,USELESS-USDT-SWAP,2025-07-10T10:56:18Z,2025-07-25T10:00:00Z,2025-07-25T10:00:00Z,okx,1753437600380
WLFI,yes,yes,WLFIUSDT,WLFI-USDT-SWAP,2025-08-23T09:02:36Z,2025-08-23T13:00:00Z,2025-08-23T13:00:00Z,okx,1755954000424
XPL,yes,yes,XPLUSDT,XPL-USDT-SWAP,2025-08-22T09:27:14Z,2025-08-28T11:00:00Z,2025-08-28T11:00:00Z,okx,1756378800384
LINEA,yes,yes,LINEAUSDT,LINEA-USDT-SWAP,2025-09-01T09:34:45Z,2025-09-01T14:00:00Z,2025-09-01T14:00:00Z,okx,1756735200376
SKY,yes,yes,SKYUSDT,SKY-USDT-SWAP,2025-08-11T08:28:06Z,2025-09-11T11:30:00Z,2025-09-11T11:30:00Z,okx,1757590200404
OKB,yes,yes,OKBUSDT,OKB-USDT-SWAP,2025-09-11T11:49:16Z,2025-09-04T02:00:00Z,2025-09-11T11:49:16Z,bybit,1757591356000
PENDLE,yes,yes,PENDLEUSDT,PENDLE-USDT-SWAP,2023-07-05T07:26:42Z,2025-09-17T07:26:24Z,2025-09-17T07:26:24Z,okx,1758093984811
ENA,yes,yes,ENAUSDT,ENA-USDT-SWAP,2024-04-02T09:42:46Z,2025-09-17T07:30:00Z,2025-09-17T07:30:00Z,okx,1758094200364
BARD,yes,yes,BARDUSDT,BARD-USDT-SWAP,2025-09-16T09:48:57Z,2025-09-18T12:00:00Z,2025-09-18T12:00:00Z,okx,1758196800496
ASTER,yes,yes,ASTERUSDT,ASTER-USDT-SWAP,2025-09-19T07:46:33Z,2025-09-22T05:00:00Z,2025-09-22T05:00:00Z,okx,1758517200313
0G,yes,yes,0GUSDT,0G-USDT-SWAP,2025-09-18T06:08:56Z,2025-09-22T10:30:00Z,2025-09-22T10:30:00Z,okx,1758537000238
AVNT,yes,yes,AVNTUSDT,AVNT-USDT-SWAP,2025-09-09T14:05:37Z,2025-09-22T15:30:00Z,2025-09-22T15:30:00Z,okx,1758555000222
EDEN,yes,yes,EDENUSDT,EDEN-USDT-SWAP,2025-09-30T11:43:24Z,2025-09-30T11:30:01Z,2025-09-30T11:43:24Z,bybit,1759232604000
ORDER,yes,yes,ORDERUSDT,ORDER-USDT-SWAP,2024-08-27T09:02:16Z,2025-09-30T15:15:00Z,2025-09-30T15:15:00Z,okx,1759245300953
2Z,yes,yes,2ZUSDT,2Z-USDT-SWAP,2025-10-02T13:38:07Z,2025-10-02T13:10:00Z,2025-10-02T13:38:07Z,bybit,1759412287000
MET,yes,yes,METUSDT,MET-USDT-SWAP,2025-10-10T09:54:06Z,2025-10-10T08:15:00Z,2025-10-10T09:54:06Z,bybit,1760090046000
ZORA,yes,yes,ZORAUSDT,ZORA-USDT-SWAP,2025-04-25T09:17:30Z,2025-10-10T11:30:01Z,2025-10-10T11:30:01Z,okx,1760095801229
YB,yes,yes,YBUSDT,YB-USDT-SWAP,2025-10-11T07:48:56Z,2025-10-12T07:00:00Z,2025-10-12T07:00:00Z,okx,1760252400368
COAI,yes,yes,COAIUSDT,COAI-USDT-SWAP,2025-10-02T08:35:07Z,2025-10-15T14:30:01Z,2025-10-15T14:30:01Z,okx,1760538601123
PROVE,yes,yes,PROVEUSDT,PROVE-USDT-SWAP,2025-08-05T17:03:49Z,2025-10-17T11:30:01Z,2025-10-17T11:30:01Z,okx,1760700601003
ZBT,yes,yes,ZBTUSDT,ZBT-USDT-SWAP,2025-10-17T13:04:01Z,2025-10-17T11:30:00Z,2025-10-17T13:04:01Z,bybit,1760706241000
KGEN,yes,yes,KGENUSDT,KGEN-USDT-SWAP,2025-10-07T15:17:52Z,2025-10-18T04:30:01Z,2025-10-18T04:30:01Z,okx,1760761801014
APR,yes,yes,APRUSDT,APR-USDT-SWAP,2025-10-23T12:17:47Z,2025-10-24T06:00:01Z,2025-10-24T06:00:01Z,okx,1761285601180
GIGGLE,yes,yes,GIGGLEUSDT,GIGGLE-USDT-SWAP,2025-10-09T12:13:32Z,2025-10-25T07:00:01Z,2025-10-25T07:00:01Z,okx,1761375601708
F,yes,no,FUSDT,F-USDT-SWAP,2024-12-06T10:18:12Z,2025-10-25T08:00:01Z,2025-10-25T08:00:01Z,okx,1761379201201
ENSO,yes,yes,ENSOUSDT,ENSO-USDT-SWAP,2025-10-14T09:21:01Z,2025-10-29T10:00:01Z,2025-10-29T10:00:01Z,okx,1761732001294
AT,yes,yes,ATUSDT,AT-USDT-SWAP,2025-10-29T13:53:36Z,2025-10-30T10:00:01Z,2025-10-30T10:00:01Z,okx,1761818401453
RECALL,yes,yes,RECALLUSDT,RECALL-USDT-SWAP,2025-10-15T12:21:09Z,2025-10-30T10:15:00Z,2025-10-30T10:15:00Z,okx,1761819300976
CC,yes,no,CCUSDT,CC-USDT-SWAP,2025-10-31T13:20:55Z,2025-10-31T14:00:00Z,2025-10-31T14:00:00Z,okx,1761919200291
LAB,yes,yes,LABUSDT,LAB-USDT-SWAP,2025-10-27T09:19:50Z,2025-11-01T12:00:01Z,2025-11-01T12:00:01Z,okx,1761998401879
ZEN,yes,yes,ZENUSDT,ZEN-USDT-SWAP,2021-11-26T00:00:00Z,2025-11-03T06:00:01Z,2025-11-03T06:00:01Z,okx,1762149601773
MMT,yes,yes,MMTUSDT,MMT-USDT-SWAP,2025-10-27T09:22:23Z,2025-11-04T12:30:01Z,2025-11-04T12:30:01Z,okx,1762259401259
DASH,yes,yes,DASHUSDT,DASH-USDT-SWAP,2021-10-12T00:00:00Z,2025-11-06T03:00:00Z,2025-11-06T03:00:00Z,okx,1762398000994
ZEC,yes,yes,ZECUSDT,ZEC-USDT-SWAP,2021-11-24T00:00:00Z,2025-11-06T03:15:00Z,2025-11-06T03:15:00Z,okx,1762398900578
SAPIEN,yes,yes,SAPIENUSDT,SAPIEN-USDT-SWAP,2025-08-20T17:19:38Z,2025-11-06T11:45:00Z,2025-11-06T11:45:00Z,okx,1762429500524
SEI,yes,yes,SEIUSDT,SEI-USDT-SWAP,2023-08-16T03:28:47Z,2025-11-14T07:30:01Z,2025-11-14T07:30:01Z,okx,1763105401238
TRUST,yes,yes,TRUSTUSDT,TRUST-USDT-SWAP,2025-11-14T12:18:11Z,2025-11-05T11:30:00Z,2025-11-14T12:18:11Z,bybit,1763122691000
ALLO,yes,yes,ALLOUSDT,ALLO-USDT-SWAP,2025-11-14T12:32:20Z,2025-11-11T16:45:00Z,2025-11-14T12:32:20Z,bybit,1763123540000
SENT,yes,yes,SENTUSDT,SENT-USDT-SWAP,2025-11-15T07:09:48Z,2025-11-14T15:00:01Z,2025-11-15T07:09:48Z,bybit,1763190588000
PIEVERSE,yes,yes,PIEVERSEUSDT,PIEVERSE-USDT-SWAP,2025-11-14T13:34:03Z,2025-11-16T03:30:01Z,2025-11-16T03:30:01Z,okx,1763263801177
BEAT,yes,yes,BEATUSDT,BEAT-USDT-SWAP,2025-11-21T10:53:53Z,2025-11-12T16:15:00Z,2025-11-21T10:53:53Z,bybit,1763722433000
MON,yes,yes,MONUSDT,MON-USDT-SWAP,2025-11-24T13:58:06Z,2025-10-10T08:00:00Z,2025-11-24T13:58:06Z,bybit,1763992686000
TRUTH,yes,yes,TRUTHUSDT,TRUTH-USDT-SWAP,2025-10-01T14:14:27Z,2025-11-28T11:30:00Z,2025-11-28T11:30:00Z,okx,1764329400000
PIPPIN,yes,yes,PIPPINUSDT,PIPPIN-USDT-SWAP,2025-01-17T08:38:42Z,2025-12-02T15:00:00Z,2025-12-02T15:00:00Z,okx,1764687600000
STABLE,yes,yes,STABLEUSDT,STABLE-USDT-SWAP,2025-11-06T12:50:33Z,2025-12-08T13:30:00Z,2025-12-08T13:30:00Z,okx,1765200600000
NIGHT,yes,yes,NIGHTUSDT,NIGHT-USDT-SWAP,2025-12-09T10:21:35Z,2025-12-09T11:30:00Z,2025-12-09T11:30:00Z,okx,1765279800000
WET,yes,yes,WETUSDT,WET-USDT-SWAP,2025-12-04T10:59:56Z,2025-12-09T16:00:00Z,2025-12-09T16:00:00Z,okx,1765296000000
RAVE,yes,yes,RAVEUSDT,RAVE-USDT-SWAP,2025-12-15T05:50:12Z,2025-12-15T08:00:00Z,2025-12-15T08:00:00Z,okx,1765785600000
LIGHT,yes,yes,LIGHTUSDT,LIGHT-USDT-SWAP,2025-09-27T13:15:59Z,2025-12-16T08:00:00Z,2025-12-16T08:00:00Z,okx,1765872000000
LIT,yes,yes,LITUSDT,LIT-USDT-SWAP,2025-12-30T10:08:18Z,2025-12-24T03:30:00Z,2025-12-30T10:08:18Z,bybit,1767089298000
BREV,yes,yes,BREVUSDT,BREV-USDT-SWAP,2025-12-30T12:56:05Z,2025-12-30T13:00:00Z,2025-12-30T13:00:00Z,okx,1767099600000
ZKP,yes,yes,ZKPUSDT,ZKP-USDT-SWAP,2025-12-22T05:50:58Z,2026-01-07T13:45:00Z,2026-01-07T13:45:00Z,okx,1767793500000
RIVER,yes,yes,RIVERUSDT,RIVER-USDT-SWAP,2025-10-22T12:31:27Z,2026-01-09T07:00:00Z,2026-01-09T07:00:00Z,okx,1767942000000
ZAMA,yes,yes,ZAMAUSDT,ZAMA-USDT-SWAP,2026-01-09T10:08:47Z,2026-01-09T14:30:00Z,2026-01-09T14:30:00Z,okx,1767969000000
FOGO,yes,yes,FOGOUSDT,FOGO-USDT-SWAP,2026-01-11T07:14:29Z,2026-01-10T15:45:00Z,2026-01-11T07:14:29Z,bybit,1768115669000
ACU,yes,yes,ACUUSDT,ACU-USDT-SWAP,2026-01-23T07:44:38Z,2026-01-23T07:00:00Z,2026-01-23T07:44:38Z,bybit,1769154278000
SPACE,yes,yes,SPACEUSDT,SPACE-USDT-SWAP,2026-01-23T12:23:49Z,2026-01-23T13:00:00Z,2026-01-23T13:00:00Z,okx,1769173200000
TRIA,yes,yes,TRIAUSDT,TRIA-USDT-SWAP,2026-02-05T10:01:40Z,2026-02-05T07:30:00Z,2026-02-05T10:01:40Z,bybit,1770285700000
ESP,yes,yes,ESPUSDT,ESP-USDT-SWAP,2026-02-10T09:29:46Z,2026-02-10T16:00:00Z,2026-02-10T16:00:00Z,okx,1770739200000
AZTEC,yes,yes,AZTECUSDT,AZTEC-USDT-SWAP,2026-02-12T07:27:46Z,2026-02-11T10:30:00Z,2026-02-12T07:27:46Z,bybit,1770881266000
OPN,yes,yes,OPNUSDT,OPN-USDT-SWAP,2026-02-11T09:49:29Z,2026-02-23T11:55:00Z,2026-02-23T11:55:00Z,okx,1771847700000
ROBO,yes,no,ROBOUSDT,ROBO-USDT-SWAP,2026-02-25T09:31:02Z,2026-02-27T15:30:00Z,2026-02-27T15:30:00Z,okx,1772206200000
KAT,yes,yes,KATUSDT,KAT-USDT-SWAP,2026-03-02T07:17:17Z,2026-03-02T11:30:00Z,2026-03-02T11:30:00Z,okx,1772451000000
XAU,yes,no,XAUUSDT,XAU-USDT-SWAP,2026-03-09T02:14:00Z,2025-04-09T10:00:00Z,2026-03-09T02:14:00Z,bybit,1773022440000
XAG,yes,no,XAGUSDT,XAG-USDT-SWAP,2026-03-09T02:48:03Z,2026-01-28T12:00:00Z,2026-03-09T02:48:03Z,bybit,1773024483000
CL,yes,no,CLUSDT,CL-USDT-SWAP,2026-03-24T07:45:20Z,2026-03-04T12:15:00Z,2026-03-24T07:45:20Z,bybit,1774338320000
BASED,yes,yes,BASEDUSDT,BASED-USDT-SWAP,2026-03-30T08:23:42Z,2026-03-30T10:30:00Z,2026-03-30T10:30:00Z,okx,1774866600000
EDGE,yes,yes,EDGEUSDT,EDGE-USDT-SWAP,2026-03-20T03:37:34Z,2026-04-01T13:30:00Z,2026-04-01T13:30:00Z,okx,1775050200000
BSB,yes,yes,BSBUSDT,BSB-USDT-SWAP,2026-03-26T04:49:01Z,2026-04-02T10:00:00Z,2026-04-02T10:00:00Z,okx,1775124000000
KITE,yes,yes,KITEUSDT,KITE-USDT-SWAP,2025-10-29T12:02:47Z,2026-04-09T03:00:00Z,2026-04-09T03:00:00Z,okx,1775703600000
TSLA,yes,no,TSLAUSDT,TSLA-USDT-SWAP,2026-04-21T11:56:58Z,2026-02-25T09:00:00Z,2026-04-21T11:56:58Z,bybit,1776772618000
CHIP,yes,yes,CHIPUSDT,CHIP-USDT-SWAP,2026-04-16T09:18:50Z,2026-04-21T14:00:00Z,2026-04-21T14:00:00Z,okx,1776780000000
TSM,yes,no,TSMUSDT,TSM-USDT-SWAP,2026-04-22T08:15:26Z,2026-03-11T10:00:00Z,2026-04-22T08:15:26Z,bybit,1776845726000
INTC,yes,no,INTCUSDT,INTC-USDT-SWAP,2026-04-22T08:55:42Z,2026-02-26T07:00:00Z,2026-04-22T08:55:42Z,bybit,1776848142000
HOOD,yes,no,HOODUSDT,HOOD-USDT-SWAP,2026-04-22T08:57:42Z,2026-02-25T07:00:00Z,2026-04-22T08:57:42Z,bybit,1776848262000
OPG,yes,yes,OPGUSDT,OPG-USDT-SWAP,2026-04-23T05:52:01Z,2026-04-23T09:00:00Z,2026-04-23T09:00:00Z,okx,1776934800000
META,yes,no,METAUSDT,META-USDT-SWAP,2026-04-27T07:52:12Z,2026-03-04T08:30:00Z,2026-04-27T07:52:12Z,bybit,1777276332000
GOOGL,yes,no,GOOGLUSDT,GOOGL-USDT-SWAP,2026-04-27T07:54:38Z,2026-03-04T07:45:00Z,2026-04-27T07:54:38Z,bybit,1777276478000
MSFT,yes,no,MSFTUSDT,MSFT-USDT-SWAP,2026-04-27T07:58:39Z,2026-03-04T08:00:00Z,2026-04-27T07:58:39Z,bybit,1777276719000
AMZN,yes,no,AMZNUSDT,AMZN-USDT-SWAP,2026-04-28T08:06:27Z,2026-02-26T07:30:00Z,2026-04-28T08:06:27Z,bybit,1777363587000
SNDK,yes,no,SNDKUSDT,SNDK-USDT-SWAP,2026-04-28T08:19:44Z,2026-03-04T07:30:00Z,2026-04-28T08:19:44Z,bybit,1777364384000
AAPL,yes,no,AAPLUSDT,AAPL-USDT-SWAP,2026-04-28T08:21:50Z,2026-03-04T08:15:00Z,2026-04-28T08:21:50Z,bybit,1777364510000
UB,yes,yes,UBUSDT,UB-USDT-SWAP,2025-09-12T09:16:09Z,2026-04-28T13:30:00Z,2026-04-28T13:30:00Z,okx,1777383000000
PLTR,yes,no,PLTRUSDT,PLTR-USDT-SWAP,2026-04-29T08:14:40Z,2026-02-26T07:15:00Z,2026-04-29T08:14:40Z,bybit,1777450480000
MSTR,yes,no,MSTRUSDT,MSTR-USDT-SWAP,2026-04-29T08:17:02Z,2026-02-25T10:00:00Z,2026-04-29T08:17:02Z,bybit,1777450622000
COIN,yes,no,COINUSDT,COIN-USDT-SWAP,2026-04-29T08:18:38Z,2026-02-26T07:45:00Z,2026-04-29T08:18:38Z,bybit,1777450718000
BLEND,yes,yes,BLENDUSDT,BLEND-USDT-SWAP,2026-04-29T09:38:28Z,2026-04-29T10:00:00Z,2026-04-29T10:00:00Z,okx,1777456800000
MEGA,yes,yes,MEGAUSDT,MEGA-USDT-SWAP,2025-10-23T11:48:17Z,2026-04-30T12:00:00Z,2026-04-30T12:00:00Z,okx,1777550400000
BILL,yes,no,BILLUSDT,BILL-USDT-SWAP,2026-05-06T06:42:18Z,2026-05-06T08:00:00Z,2026-05-06T08:00:00Z,okx,1778054400000
CRCL,yes,no,CRCLUSDT,CRCL-USDT-SWAP,2026-05-06T08:29:26Z,2026-02-26T08:00:00Z,2026-05-06T08:29:26Z,bybit,1778056166000
NVDA,yes,no,NVDAUSDT,NVDA-USDT-SWAP,2026-05-06T08:31:09Z,2026-03-04T07:00:00Z,2026-05-06T08:31:09Z,bybit,1778056269000
ORCL,yes,no,ORCLUSDT,ORCL-USDT-SWAP,2026-05-06T08:32:42Z,2026-03-11T10:00:00Z,2026-05-06T08:32:42Z,bybit,1778056362000
MU,yes,no,MUUSDT,MU-USDT-SWAP,2026-05-07T08:18:46Z,2026-03-04T07:15:00Z,2026-05-07T08:18:46Z,bybit,1778141926000
QQQ,yes,no,QQQUSDT,QQQ-USDT-SWAP,2026-05-07T08:20:25Z,2026-03-04T08:45:00Z,2026-05-07T08:20:25Z,bybit,1778142025000
EWY,yes,no,EWYUSDT,EWY-USDT-SWAP,2026-05-07T08:23:44Z,2026-03-11T10:00:00Z,2026-05-07T08:23:44Z,bybit,1778142224000
EWJ,yes,no,EWJUSDT,EWJ-USDT-SWAP,2026-05-07T08:27:44Z,2026-03-11T10:00:00Z,2026-05-07T08:27:44Z,bybit,1778142464000
AVGO,yes,no,AVGOUSDT,AVGO-USDT-SWAP,2026-05-12T08:12:28Z,2026-04-29T06:00:00Z,2026-05-12T08:12:28Z,bybit,1778573548000
LITE,yes,no,LITEUSDT,LITE-USDT-SWAP,2026-05-12T08:17:02Z,2026-05-08T09:15:00Z,2026-05-12T08:17:02Z,bybit,1778573822000
CRWV,yes,no,CRWVUSDT,CRWV-USDT-SWAP,2026-05-12T08:21:51Z,2026-04-10T12:00:00Z,2026-05-12T08:21:51Z,bybit,1778574111000
MRVL,yes,no,MRVLUSDT,MRVL-USDT-SWAP,2026-05-13T08:05:41Z,2026-05-12T10:30:00Z,2026-05-13T08:05:41Z,bybit,1778659541000
ARM,yes,no,ARMUSDT,ARM-USDT-SWAP,2026-05-13T08:07:07Z,2026-04-29T06:15:00Z,2026-05-13T08:07:07Z,bybit,1778659627000
BZ,yes,no,BZUSDT,BZ-USDT-SWAP,2026-05-13T08:08:32Z,2026-03-24T10:00:00Z,2026-05-13T08:08:32Z,bybit,1778659712000
BMNR,yes,no,BMNRUSDT,BMNR-USDT-SWAP,2026-05-14T07:59:22Z,2026-04-27T15:00:00Z,2026-05-14T07:59:22Z,bybit,1778745562000
SPY,yes,no,SPYUSDT,SPY-USDT-SWAP,2026-05-14T08:01:59Z,2026-03-04T09:00:00Z,2026-05-14T08:01:59Z,bybit,1778745719000
LLY,yes,no,LLYUSDT,LLY-USDT-SWAP,2026-05-14T08:03:44Z,2026-04-27T14:30:00Z,2026-05-14T08:03:44Z,bybit,1778745824000
IWM,yes,no,IWMUSDT,IWM-USDT-SWAP,2026-05-14T08:05:22Z,2026-04-10T12:00:00Z,2026-05-14T08:05:22Z,bybit,1778745922000
DRAM,yes,no,DRAMUSDT,DRAM-USDT-SWAP,2026-05-19T08:21:54Z,2026-05-08T09:00:00Z,2026-05-19T08:21:54Z,bybit,1779178914000
CBRS,yes,yes,CBRSUSDT,CBRS-USDT-SWAP,2026-05-19T08:24:45Z,2026-05-15T06:00:00Z,2026-05-19T08:24:45Z,bybit,1779179085000
SOXL,yes,no,SOXLUSDT,SOXL-USDT-SWAP,2026-05-19T08:17:11Z,2026-05-19T09:00:00Z,2026-05-19T09:00:00Z,okx,1779181200000
CSCO,yes,no,CSCOUSDT,CSCO-USDT-SWAP,2026-05-20T07:46:15Z,2026-05-19T09:45:00Z,2026-05-20T07:46:15Z,bybit,1779263175000
RKLB,yes,no,RKLBUSDT,RKLB-USDT-SWAP,2026-05-20T07:48:42Z,2026-05-12T10:15:00Z,2026-05-20T07:48:42Z,bybit,1779263322000
NBIS,yes,no,NBISUSDT,NBIS-USDT-SWAP,2026-05-26T08:14:55Z,2026-05-19T09:15:00Z,2026-05-26T08:14:55Z,bybit,1779783295000
QCOM,yes,no,QCOMUSDT,QCOM-USDT-SWAP,2026-05-26T08:18:30Z,2026-05-19T09:30:00Z,2026-05-26T08:18:30Z,bybit,1779783510000
IRYS,yes,yes,IRYSUSDT,IRYS-USDT-SWAP,2025-11-27T06:00:43Z,2026-05-27T11:15:00Z,2026-05-27T11:15:00Z,okx,1779880500000
WDC,yes,no,WDCUSDT,WDC-USDT-SWAP,2026-05-28T08:34:19Z,2026-05-12T10:45:00Z,2026-05-28T08:34:19Z,bybit,1779957259000
BE,yes,no,BEUSDT,BE-USDT-SWAP,2026-05-28T08:35:42Z,2026-05-27T11:00:00Z,2026-05-28T08:35:42Z,bybit,1779957342000
SLX,yes,no,SLXUSDT,SLX-USDT-SWAP,2026-06-01T07:55:49Z,2026-06-01T05:30:00Z,2026-06-01T07:55:49Z,bybit,1780300549000
BB,no,yes,BBUSDT,BB-USDT-SWAP,2024-05-14T11:41:00Z,2026-06-01T09:00:00Z,2026-06-01T09:00:00Z,okx,1780304400000
DELL,yes,no,DELLUSDT,DELL-USDT-SWAP,2026-06-02T08:06:43Z,2026-05-28T09:15:00Z,2026-06-02T08:06:43Z,bybit,1780387603000
ASTS,yes,no,ASTSUSDT,ASTS-USDT-SWAP,2026-06-04T08:53:25Z,2026-06-02T11:15:00Z,2026-06-04T08:53:25Z,bybit,1780563205000
EWT,yes,yes,EWTUSDT,EWT-USDT-SWAP,2026-06-04T08:54:46Z,2026-06-03T10:00:00Z,2026-06-04T08:54:46Z,bybit,1780563286000
NOW,yes,no,NOWUSDT,NOW-USDT-SWAP,2026-06-04T08:56:00Z,2026-06-02T11:30:00Z,2026-06-04T08:56:00Z,bybit,1780563360000
IBM,yes,no,IBMUSDT,IBM-USDT-SWAP,2026-06-05T08:14:35Z,2026-05-27T10:30:00Z,2026-06-05T08:14:35Z,bybit,1780647275000
AMAT,yes,no,AMATUSDT,AMAT-USDT-SWAP,2026-06-05T08:16:23Z,2026-05-28T09:00:00Z,2026-06-05T08:16:23Z,bybit,1780647383000
QNT,no,yes,QNTUSDT,QNT-USDT-SWAP,2023-06-19T06:00:00Z,2026-06-05T10:30:00Z,2026-06-05T10:30:00Z,okx,1780655400000
AAOI,yes,no,AAOIUSDT,AAOI-USDT-SWAP,2026-06-09T08:23:52Z,2026-05-26T09:00:00Z,2026-06-09T08:23:52Z,bybit,1780993432000
IREN,yes,no,IRENUSDT,IREN-USDT-SWAP,2026-06-09T08:31:23Z,2026-06-08T09:15:00Z,2026-06-09T08:31:23Z,bybit,1780993883000
SAMSUNG,yes,no,SAMSUNGUSDT,SAMSUNG-USDT-SWAP,2026-06-04T02:37:59Z,2026-06-10T05:45:00Z,2026-06-10T05:45:00Z,okx,1781070300000
SKHYNIX,yes,no,SKHYNIXUSDT,SKHYNIX-USDT-SWAP,2026-06-04T02:35:36Z,2026-06-10T05:50:00Z,2026-06-10T05:50:00Z,okx,1781070600000
HYUNDAI,yes,no,HYUNDAIUSDT,HYUNDAI-USDT-SWAP,2026-06-04T02:44:09Z,2026-06-10T05:55:00Z,2026-06-10T05:55:00Z,okx,1781070900000
SPCX,yes,no,SPCXUSDT,SPCX-USDT-SWAP,2026-06-15T08:07:01Z,2026-05-07T09:00:00Z,2026-06-15T08:07:01Z,bybit,1781510821000
FLNC,yes,no,FLNCUSDT,FLNC-USDT-SWAP,2026-06-16T09:47:09Z,2026-06-11T09:45:00Z,2026-06-16T09:47:09Z,bybit,1781603229000
COHR,yes,no,COHRUSDT,COHR-USDT-SWAP,2026-06-16T09:55:09Z,2026-05-13T10:00:00Z,2026-06-16T09:55:09Z,bybit,1781603709000
AXTI,yes,no,AXTIUSDT,AXTI-USDT-SWAP,2026-06-16T09:58:02Z,2026-06-16T09:30:00Z,2026-06-16T09:58:02Z,bybit,1781603882000
ONDS,yes,no,ONDSUSDT,ONDS-USDT-SWAP,2026-06-09T08:33:37Z,2026-06-16T10:00:00Z,2026-06-16T10:00:00Z,okx,1781604000000
RE,yes,yes,REUSDT,RE-USDT-SWAP,2026-06-18T14:18:25Z,2026-06-17T10:30:00Z,2026-06-18T14:18:25Z,bybit,1781792305000
GRAM,yes,yes,GRAMUSDT,GRAM-USDT-SWAP,2026-06-22T09:46:34Z,2026-06-17T10:30:00Z,2026-06-22T09:46:34Z,bybit,1782121594000
ARX,yes,yes,ARXUSDT,ARX-USDT-SWAP,2026-06-23T03:49:05Z,2026-06-22T12:30:00Z,2026-06-23T03:49:05Z,bybit,1782186545000
O,yes,no,OUSDT,O-USDT-SWAP,2026-06-23T03:51:24Z,2026-06-17T16:30:00Z,2026-06-23T03:51:24Z,bybit,1782186684000
CRDO,yes,no,CRDOUSDT,CRDO-USDT-SWAP,2026-06-23T08:18:57Z,2026-06-11T09:00:00Z,2026-06-23T08:18:57Z,bybit,1782202737000
USAR,yes,no,USARUSDT,USAR-USDT-SWAP,2026-06-23T08:22:36Z,2026-04-27T14:00:00Z,2026-06-23T08:22:36Z,bybit,1782202956000
LRCX,yes,no,LRCXUSDT,LRCX-USDT-SWAP,2026-06-24T07:45:20Z,2026-06-23T10:00:00Z,2026-06-24T07:45:20Z,bybit,1782287120000
GLW,yes,no,GLWUSDT,GLW-USDT-SWAP,2026-06-24T07:49:35Z,2026-05-18T09:00:00Z,2026-06-24T07:49:35Z,bybit,1782287375000
SMCI,yes,no,SMCIUSDT,SMCI-USDT-SWAP,2026-06-24T07:48:12Z,2026-06-24T09:45:00Z,2026-06-24T09:45:00Z,okx,1782294300000
UVXY,yes,no,UVXYUSDT,UVXY-USDT-SWAP,2026-06-25T08:29:46Z,2026-06-24T09:00:00Z,2026-06-25T08:29:46Z,bybit,1782376186000
ASML,yes,no,ASMLUSDT,ASML-USDT-SWAP,2026-06-26T07:43:43Z,2026-06-03T09:45:00Z,2026-06-26T07:43:43Z,bybit,1782459823000
HPE,yes,no,HPEUSDT,HPE-USDT-SWAP,2026-06-26T07:45:03Z,2026-06-02T11:00:00Z,2026-06-26T07:45:03Z,bybit,1782459903000
KLAC,yes,no,KLACUSDT,KLAC-USDT-SWAP,2026-06-26T07:46:10Z,2026-06-23T09:45:00Z,2026-06-26T07:46:10Z,bybit,1782459970000
CAP,yes,yes,CAPUSDT,CAP-USDT-SWAP,2026-06-29T03:28:27Z,2026-06-26T12:30:00Z,2026-06-29T03:28:27Z,bybit,1782703707000
ALAB,yes,no,ALABUSDT,ALAB-USDT-SWAP,2026-06-29T08:19:33Z,2026-06-16T09:00:00Z,2026-06-29T08:19:33Z,bybit,1782721173000
CIEN,yes,no,CIENUSDT,CIEN-USDT-SWAP,2026-06-29T08:30:08Z,2026-06-11T09:15:00Z,2026-06-29T08:30:08Z,bybit,1782721808000
ADBE,yes,no,ADBEUSDT,ADBE-USDT-SWAP,2026-06-29T08:31:18Z,2026-06-03T09:30:00Z,2026-06-29T08:31:18Z,bybit,1782721878000
TQQQ,yes,no,TQQQUSDT,TQQQ-USDT-SWAP,2026-06-24T07:46:54Z,2026-07-02T09:00:00Z,2026-07-02T09:00:00Z,okx,1782982800000
MVLL,yes,no,MVLLUSDT,MVLL-USDT-SWAP,2026-06-30T09:52:39Z,2026-07-02T09:15:00Z,2026-07-02T09:15:00Z,okx,1782983700000
TER,yes,no,TERUSDT,TER-USDT-SWAP,2026-07-02T09:59:06Z,2026-06-16T09:15:00Z,2026-07-02T09:59:06Z,bybit,1782986346000
BOT,yes,yes,BOTUSDT,BOT-USDT-SWAP,2026-07-01T08:01:48Z,2026-07-02T10:00:00Z,2026-07-02T10:00:00Z,okx,1782986400000
DATA,yes,yes,DATAUSDT,DATA-USDT-SWAP,2026-06-30T10:30:31Z,2026-07-02T12:30:00Z,2026-07-02T12:30:00Z,okx,1782995400000
VVV,yes,yes,VVVUSDT,VVV-USDT-SWAP,2025-01-28T04:31:45Z,2026-07-03T06:00:00Z,2026-07-03T06:00:00Z,okx,1783058400000
HIMS,yes,no,HIMSUSDT,HIMS-USDT-SWAP,2026-07-03T07:49:33Z,2026-04-27T14:45:00Z,2026-07-03T07:49:33Z,bybit,1783064973000
CRWD,yes,no,CRWDUSDT,CRWD-USDT-SWAP,2026-07-03T07:53:21Z,2026-05-26T09:30:00Z,2026-07-03T07:53:21Z,bybit,1783065201000
NFLX,yes,no,NFLXUSDT,NFLX-USDT-SWAP,2026-07-06T08:04:25Z,2026-03-11T10:00:00Z,2026-07-06T08:04:25Z,bybit,1783325065000
BSP,yes,yes,BSPUSDT,BSP-USDT-SWAP,2026-07-06T08:05:55Z,2026-07-06T09:00:00Z,2026-07-06T09:00:00Z,okx,1783328400000
TTWO,yes,no,TTWOUSDT,TTWO-USDT-SWAP,2026-07-06T08:06:58Z,2026-07-06T10:15:00Z,2026-07-06T10:15:00Z,okx,1783332900000
SONY,yes,no,SONYUSDT,SONY-USDT-SWAP,2026-07-08T08:40:06Z,2026-06-24T09:30:00Z,2026-07-08T08:40:06Z,bybit,1783500006000
COST,yes,no,COSTUSDT,COST-USDT-SWAP,2026-07-08T08:44:59Z,2026-04-27T14:15:00Z,2026-07-08T08:44:59Z,bybit,1783500299000
SHAZ,yes,yes,SHAZUSDT,SHAZ-USDT-SWAP,2026-07-08T08:43:44Z,2026-07-10T09:00:00Z,2026-07-10T09:00:00Z,okx,1783674000000
GEV,yes,no,GEVUSDT,GEV-USDT-SWAP,2026-07-10T09:50:21Z,2026-05-21T09:00:00Z,2026-07-10T09:50:21Z,bybit,1783677021000
VRT,yes,no,VRTUSDT,VRT-USDT-SWAP,2026-07-10T09:53:42Z,2026-05-28T09:30:00Z,2026-07-10T09:53:42Z,bybit,1783677222000
SKHY,yes,no,SKHYUSDT,SKHY-USDT-SWAP,2026-07-11T02:39:56Z,2026-07-10T16:10:00Z,2026-07-11T02:39:56Z,bybit,1783737596000
SNXX,yes,yes,SNXXUSDT,SNXX-USDT-SWAP,2026-07-14T07:58:36Z,2026-07-14T12:00:00Z,2026-07-14T12:00:00Z,okx,1784030400000
SQQQ,yes,no,SQQQUSDT,SQQQ-USDT-SWAP,2026-06-30T09:54:18Z,2026-07-14T12:15:00Z,2026-07-14T12:15:00Z,okx,1784031300000
XLE,yes,no,XLEUSDT,XLE-USDT-SWAP,2026-07-15T08:34:14Z,2026-05-11T10:15:00Z,2026-07-15T08:34:14Z,bybit,1784104454000
XBI,yes,no,XBIUSDT,XBI-USDT-SWAP,2026-07-15T08:35:59Z,2026-07-14T12:30:00Z,2026-07-15T08:35:59Z,bybit,1784104559000
SMH,yes,no,SMHUSDT,SMH-USDT-SWAP,2026-07-15T08:37:53Z,2026-06-18T09:00:00Z,2026-07-15T08:37:53Z,bybit,1784104673000
KORU,yes,no,KORUUSDT,KORU-USDT-SWAP,2026-07-15T10:34:13Z,2026-06-24T09:15:00Z,2026-07-15T10:34:13Z,bybit,1784111653000
POET,yes,no,POETUSDT,POET-USDT-SWAP,2026-07-16T09:22:30Z,2026-06-16T09:45:00Z,2026-07-16T09:22:30Z,bybit,1784193750000
RDW,yes,no,RDWUSDT,RDW-USDT-SWAP,2026-07-16T09:24:05Z,2026-06-01T09:15:00Z,2026-07-16T09:24:05Z,bybit,1784193845000
MUU,yes,no,MUUUSDT,MUU-USDT-SWAP,2026-07-16T09:25:15Z,2026-07-02T09:30:00Z,2026-07-16T09:25:15Z,bybit,1784193915000
SOXS,no,yes,SOXSUSDT,SOXS-USDT-SWAP,2026-07-16T09:57:01Z,2026-07-17T09:00:00Z,2026-07-17T09:00:00Z,okx,1784278800000
ZM,no,yes,ZMUSDT,ZM-USDT-SWAP,2026-07-17T10:45:48Z,2026-07-17T09:15:00Z,2026-07-17T10:45:48Z,bybit,1784285148000
TSEM,no,yes,TSEMUSDT,TSEM-USDT-SWAP,2026-07-17T10:48:07Z,2026-06-25T10:45:00Z,2026-07-17T10:48:07Z,bybit,1784285287000
BX,no,yes,BXUSDT,BX-USDT-SWAP,2026-07-17T10:49:21Z,2026-06-12T09:15:00Z,2026-07-17T10:49:21Z,bybit,1784285361000
APLD,no,yes,APLDUSDT,APLD-USDT-SWAP,2026-07-17T10:50:33Z,2026-07-06T09:30:00Z,2026-07-17T10:50:33Z,bybit,1784285433000
SNOW,no,yes,SNOWUSDT,SNOW-USDT-SWAP,2026-07-10T09:52:19Z,2026-07-17T11:30:00Z,2026-07-17T11:30:00Z,okx,1784287800000
DKNG,no,yes,DKNGUSDT,DKNG-USDT-SWAP,2026-07-20T09:05:52Z,2026-06-18T09:45:00Z,2026-07-20T09:05:52Z,bybit,1784538352000
RIVN,no,yes,RIVNUSDT,RIVN-USDT-SWAP,2026-07-20T09:06:58Z,2026-06-18T09:30:00Z,2026-07-20T09:06:58Z,bybit,1784538418000
ON,no,yes,ONUSDT,ON-USDT-SWAP,2026-07-21T09:30:18Z,2026-07-06T09:15:00Z,2026-07-21T09:30:18Z,bybit,1784626218000
FWDI,no,yes,FWDIUSDT,FWDI-USDT-SWAP,2026-07-16T10:01:03Z,2026-07-27T09:00:00Z,2026-07-27T09:00:00Z,okx,1785142800000
AEHR,no,yes,AEHRUSDT,AEHR-USDT-SWAP,2026-07-16T09:20:22Z,2026-07-27T09:15:00Z,2026-07-27T09:15:00Z,okx,1785143700000
FLY,no,yes,FLYUSDT,FLY-USDT-SWAP,2026-07-20T09:08:12Z,2026-07-27T09:30:00Z,2026-07-27T09:30:00Z,okx,1785144600000
MINIMAX,no,yes,MINIMAXUSDT,MINIMAX-USDT-SWAP,2026-07-28T09:18:00Z,2026-06-24T07:15:00Z,2026-07-28T09:18:00Z,bybit,1785230280000
ZHIPU,no,yes,ZHIPUUSDT,ZHIPU-USDT-SWAP,2026-07-28T09:19:13Z,2026-06-24T07:00:00Z,2026-07-28T09:19:13Z,bybit,1785230353000
TMF,no,yes,TMFUSDT,TMF-USDT-SWAP,2026-07-29T09:38:15Z,2026-07-29T09:00:00Z,2026-07-29T09:38:15Z,bybit,1785317895000
CRM,no,yes,CRMUSDT,CRM-USDT-SWAP,2026-07-23T09:42:36Z,2026-07-30T09:15:00Z,2026-07-30T09:15:00Z,okx,1785402900000
INTW,no,yes,INTWUSDT,INTW-USDT-SWAP,2026-07-14T08:00:53Z,2026-07-30T09:30:00Z,2026-07-30T09:30:00Z,okx,1785403800000
UNH,no,yes,UNHUSDT,UNH-USDT-SWAP,2026-07-31T09:14:43Z,2026-07-06T10:30:00Z,2026-07-31T09:14:43Z,bybit,1785489283000
GRVT,no,yes,GRVTUSDT,GRVT-USDT-SWAP,2026-07-31T12:01:39Z,2026-07-30T15:00:00Z,2026-07-31T12:01:39Z,bybit,1785499299000
JNJ,no,yes,JNJUSDT,JNJ-USDT-SWAP,2026-08-03T08:47:26Z,2026-07-10T09:15:00Z,2026-08-03T08:47:26Z,bybit,1785746846000
RDDT,no,yes,RDDTUSDT,RDDT-USDT-SWAP,2026-08-04T10:06:56Z,2026-06-18T10:00:00Z,2026-08-04T10:06:56Z,bybit,1785838016000
BRKB,no,yes,BRKBUSDT,BRKB-USDT-SWAP,2026-07-30T09:53:38Z,2026-08-06T11:15:00Z,2026-08-06T11:15:00Z,okx,1786014900000
SHOP,no,yes,SHOPUSDT,SHOP-USDT-SWAP,2026-08-05T10:02:04Z,2026-08-06T11:30:00Z,2026-08-06T11:30:00Z,okx,1786015800000
KO,no,yes,KOUSDT,KO-USDT-SWAP,2026-07-30T10:00:18Z,2026-08-10T09:30:00Z,2026-08-10T09:30:00Z,okx,1786354200000
SKUU,no,yes,SKUUUSDT,SKUU-USDT-SWAP,2026-08-10T09:48:21Z,2026-08-10T09:00:00Z,2026-08-10T09:48:21Z,bybit,1786355301000
SKDD,no,yes,SKDDUSDT,SKDD-USDT-SWAP,2026-08-10T09:53:11Z,2026-08-10T09:15:00Z,2026-08-10T09:53:11Z,bybit,1786355591000
DOS,no,yes,DOSUSDT,DOS-USDT-SWAP,2026-08-12T06:12:10Z,2026-08-10T12:00:00Z,2026-08-12T06:12:10Z,bybit,1786515130000
POPMART,no,yes,POPMARTUSDT,POPMART-USDT-SWAP,2026-07-28T09:21:26Z,2026-08-12T07:30:00Z,2026-08-12T07:30:00Z,okx,1786519800000
XIAOMI,no,yes,XIAOMIUSDT,XIAOMI-USDT-SWAP,2026-08-12T08:21:07Z,2026-08-12T07:45:00Z,2026-08-12T08:21:07Z,bybit,1786522867000
RIOT,no,yes,RIOTUSDT,RIOT-USDT-SWAP,2026-08-12T08:22:44Z,2026-08-12T08:15:00Z,2026-08-12T08:22:44Z,bybit,1786522964000
NET,no,yes,NETUSDT,NET-USDT-SWAP,2026-08-06T09:36:26Z,2026-08-12T08:30:00Z,2026-08-12T08:30:00Z,okx,1786523400000
AEON,no,yes,AEONUSDT,AEON-USDT-SWAP,2026-08-13T09:04:37Z,2026-07-27T11:30:00Z,2026-08-13T09:04:37Z,bybit,1786611877000
LYTE,no,yes,LYTEUSDT,LYTE-USDT-SWAP,2026-08-13T09:02:08Z,2026-08-17T09:15:00Z,2026-08-17T09:15:00Z,okx,1786958100000
OUST,no,yes,OUSTUSDT,OUST-USDT-SWAP,2026-08-10T09:54:14Z,2026-08-17T09:30:00Z,2026-08-17T09:30:00Z,okx,1786959000000
CXMT,no,yes,CXMTUSDT,CXMT-USDT-SWAP,2026-07-27T08:13:38Z,2026-08-18T06:45:00Z,2026-08-18T06:45:00Z,okx,1787035500000
ISRG,no,yes,ISRGUSDT,ISRG-USDT-SWAP,2026-08-18T09:22:20Z,2026-06-11T09:30:00Z,2026-08-18T09:22:20Z,bybit,1787044940000
UNITREE,no,yes,UNITREEUSDT,UNITREE-USDT-SWAP,2026-08-03T01:55:39Z,2026-08-19T05:15:00Z,2026-08-19T05:15:00Z,okx,1787116500000
MRNA,no,yes,MRNAUSDT,MRNA-USDT-SWAP,2026-08-20T06:55:56Z,2026-08-21T09:00:00Z,2026-08-21T09:00:00Z,okx,1787302800000
PURR,no,yes,PURRUSDT,PURR-USDT-SWAP,2026-07-10T09:48:53Z,2026-08-21T09:15:00Z,2026-08-21T09:15:00Z,okx,1787303700000
RAM,no,yes,RAMUSDT,RAM-USDT-SWAP,2026-08-25T10:33:15Z,2026-07-02T09:45:00Z,2026-08-25T10:33:15Z,bybit,1787653995000
INFQ,no,yes,INFQUSDT,INFQ-USDT-SWAP,2026-08-26T09:54:51Z,2026-05-26T09:15:00Z,2026-08-26T09:54:51Z,bybit,1787738091000
MRK,no,yes,MRKUSDT,MRK-USDT-SWAP,2026-08-21T07:20:45Z,2026-08-27T09:30:00Z,2026-08-27T09:30:00Z,okx,1787823000000
WMT,no,yes,WMTUSDT,WMT-USDT-SWAP,2026-07-30T10:02:28Z,2026-08-27T09:45:00Z,2026-08-27T09:45:00Z,okx,1787823900000
MARA,no,yes,MARAUSDT,MARA-USDT-SWAP,2026-07-17T10:46:50Z,2026-08-27T10:00:00Z,2026-08-27T10:00:00Z,okx,1787824800000
TSLL,no,yes,TSLLUSDT,TSLL-USDT-SWAP,2026-07-20T09:16:48Z,2026-08-27T10:15:00Z,2026-08-27T10:15:00Z,okx,1787825700000
NVDL,no,yes,NVDLUSDT,NVDL-USDT-SWAP,2026-07-21T09:32:39Z,2026-08-27T10:30:00Z,2026-08-27T10:30:00Z,okx,1787826600000
OKTA,no,yes,OKTAUSDT,OKTA-USDT-SWAP,2026-08-31T09:35:15Z,2026-07-30T09:00:00Z,2026-08-31T09:35:15Z,bybit,1788168915000
EWZ,no,yes,EWZUSDT,EWZ-USDT-SWAP,2026-08-31T09:36:37Z,2026-06-18T09:15:00Z,2026-08-31T09:36:37Z,bybit,1788168997000
SHEIN,no,yes,SHEINUSDT,SHEIN-USDT-SWAP,2026-08-27T05:24:49Z,2026-09-02T07:00:00Z,2026-09-02T07:00:00Z,okx,1788332400000
SPCH,no,yes,SPCHUSDT,SPCH-USDT-SWAP,2026-08-20T07:54:47Z,2026-09-02T08:15:00Z,2026-09-02T08:15:00Z,okx,1788336900000
CASHCAT,no,yes,CASHCATUSDT,CASHCAT-USDT-SWAP,2026-08-05T10:00:43Z,2026-09-03T03:30:00Z,2026-09-03T03:30:00Z,okx,1788406200000
CSOPSKHYNIX2L,no,yes,CSOPSKHYNIX2LUSDT,CSOPSKHYNIX2L-USDT-SWAP,2026-08-11T06:51:31Z,2026-09-03T06:00:00Z,2026-09-03T06:00:00Z,okx,1788415200000
CSOPSAMSUNG2L,no,yes,CSOPSAMSUNG2LUSDT,CSOPSAMSUNG2L-USDT-SWAP,2026-08-11T06:59:09Z,2026-09-03T06:15:00Z,2026-09-03T06:15:00Z,okx,1788416100000
PYPL,no,yes,PYPLUSDT,PYPL-USDT-SWAP,2026-07-30T09:55:33Z,2026-09-03T09:00:00Z,2026-09-03T09:00:00Z,okx,1788426000000
DDOG,no,yes,DDOGUSDT,DDOG-USDT-SWAP,2026-08-18T09:23:46Z,2026-09-03T09:15:00Z,2026-09-03T09:15:00Z,okx,1788426900000
IONQ,no,yes,IONQUSDT,IONQ-USDT-SWAP,2026-07-17T10:52:04Z,2026-09-03T09:30:00Z,2026-09-03T09:30:00Z,okx,1788427800000
DGAI,no,yes,DGAIUSDT,DGAI-USDT-SWAP,2026-09-04T07:39:39Z,2026-09-03T03:00:00Z,2026-09-04T07:39:39Z,bybit,1788507579000
CP,no,yes,CPUSDT,CP-USDT-SWAP,2026-09-04T07:42:00Z,2026-09-02T15:40:00Z,2026-09-04T07:42:00Z,bybit,1788507720000
AMC,no,yes,AMCUSDT,AMC-USDT-SWAP,2026-07-27T10:14:58Z,2026-09-04T08:45:00Z,2026-09-04T08:45:00Z,okx,1788511500000
GPRO,no,yes,GPROUSDT,GPRO-USDT-SWAP,2026-09-02T08:14:26Z,2026-09-04T13:35:00Z,2026-09-04T13:35:00Z,okx,1788528900000
PONS,no,yes,PONSUSDT,PONS-USDT-SWAP,2026-08-31T09:32:25Z,2026-09-05T03:00:00Z,2026-09-05T03:00:00Z,okx,1788577200000
ZHONGJI,no,yes,ZHONGJIUSDT,ZHONGJI-USDT-SWAP,2026-08-14T09:13:46Z,2026-09-09T06:00:00Z,2026-09-09T06:00:00Z,okx,1788933600000
CGNX,no,yes,CGNXUSDT,CGNX-USDT-SWAP,2026-09-10T09:10:26Z,2026-06-12T09:45:00Z,2026-09-10T09:10:26Z,bybit,1789031426000
XOM,no,yes,XOMUSDT,XOM-USDT-SWAP,2026-08-03T08:48:45Z,2026-09-10T09:30:00Z,2026-09-10T09:30:00Z,okx,1789032600000
FLOCK,no,yes,FLOCKUSDT,FLOCK-USDT-SWAP,2025-01-09T08:50:07Z,2026-09-12T10:00:00Z,2026-09-12T10:00:00Z,okx,1789207200000
LGELECTRONICS,no,yes,LGELECTRONICSUSDT,LGELECTRONICS-USDT-SWAP,2026-08-14T09:10:49Z,2026-09-16T05:30:00Z,2026-09-16T05:30:00Z,okx,1789536600000
NAVER,no,yes,NAVERUSDT,NAVER-USDT-SWAP,2026-08-14T09:07:07Z,2026-09-16T05:45:00Z,2026-09-16T05:45:00Z,okx,1789537500000
HANMI,no,yes,HANMIUSDT,HANMI-USDT-SWAP,2026-08-14T09:09:03Z,2026-09-16T06:00:00Z,2026-09-16T06:00:00Z,okx,1789538400000
AKE,no,yes,AKEUSDT,AKE-USDT-SWAP,2025-09-26T13:12:42Z,2026-09-16T07:00:00Z,2026-09-16T07:00:00Z,okx,1789542000000
